bitrate,trial,sender_rc,receiver_rc,Xfer_time,Xfer_success,in_file_size,out_file_size,dtgrms_sent,dtgrms_received,dtgrms_corrupt,tx_errors,tx_dropped,rx_errors,rx_dropped,snmp_OutDatagrams,snmp_SndbufErrors,snmp_InDatagrams,snmp_InErrors,snmp_RcvbufErrors
500000000,0,0,0,4.32820463180542,True,125000000,125000000,na,na,na,0,0,0,0,27146,0,27143,0,0
500000000,1,0,0,4.302630424499512,True,125000000,125000000,na,na,na,0,0,0,0,27146,0,27143,0,0
500000000,2,0,0,4.298768758773804,True,125000000,125000000,na,na,na,0,0,0,0,27146,0,27143,0,0
500000000,3,0,0,4.306097030639648,True,125000000,125000000,na,na,na,0,0,0,0,27146,0,27143,0,0
500000000,4,0,0,4.29652214050293,True,125000000,125000000,na,na,na,0,0,0,0,27146,0,27143,0,0
500000000,5,0,0,4.268925905227661,True,125000000,125000000,na,na,na,0,0,0,0,27146,0,27143,0,0
500000000,6,0,0,4.300148010253906,True,125000000,125000000,na,na,na,0,0,0,0,27146,0,27143,0,0
500000000,7,0,0,4.292491674423218,True,125000000,125000000,na,na,na,0,0,0,0,27146,0,27143,0,0
500000000,8,0,0,4.2793824672698975,True,125000000,125000000,na,na,na,0,0,0,0,27146,0,27143,0,0
500000000,9,0,0,4.29159688949585,True,125000000,125000000,na,na,na,0,0,0,0,27146,0,27143,0,0
500000000,10,0,0,4.304181098937988,True,125000000,125000000,na,na,na,0,0,0,0,27146,0,27143,0,0
500000000,11,0,0,4.29485821723938,True,125000000,125000000,na,na,na,0,0,0,0,27146,0,27143,0,0
500000000,12,0,0,4.293460369110107,True,125000000,125000000,na,na,na,0,0,0,0,27146,0,27143,0,0
500000000,13,0,0,4.295808792114258,True,125000000,125000000,na,na,na,0,0,0,0,27146,0,27143,0,0
500000000,14,0,0,4.314889669418335,True,125000000,125000000,na,na,na,0,0,0,0,27146,0,27143,0,0
500000000,15,0,0,4.316943883895874,True,125000000,125000000,na,na,na,0,0,0,0,27146,0,27143,0,0
500000000,16,0,0,4.281106472015381,True,125000000,125000000,na,na,na,0,0,0,0,27146,0,27143,0,0
500000000,17,0,0,4.310694456100464,True,125000000,125000000,na,na,na,0,0,0,0,27146,0,27143,0,0
500000000,18,0,0,4.288924694061279,True,125000000,125000000,na,na,na,0,0,0,0,27146,0,27143,0,0
500000000,19,0,0,4.3217854499816895,True,125000000,125000000,na,na,na,0,0,0,0,27146,0,27143,0,0
500000000,20,0,0,4.292060852050781,True,125000000,125000000,na,na,na,0,0,0,0,27146,0,27143,0,0
500000000,21,0,0,4.2907514572143555,True,125000000,125000000,na,na,na,0,0,0,0,27146,0,27143,0,0
500000000,22,0,0,4.3102076053619385,True,125000000,125000000,na,na,na,0,0,0,0,27146,0,27143,0,0
500000000,23,0,0,4.306787729263306,True,125000000,125000000,na,na,na,0,0,0,0,27146,0,27143,0,0
500000000,24,0,0,4.297238826751709,True,125000000,125000000,na,na,na,0,0,0,0,27146,0,27143,0,0
500000000,25,0,0,4.295867919921875,True,125000000,125000000,na,na,na,0,0,0,0,27146,0,27143,0,0
500000000,26,0,0,4.298583745956421,True,125000000,125000000,na,na,na,0,0,0,0,27146,0,27143,0,0
500000000,27,0,0,4.319837331771851,True,125000000,125000000,na,na,na,0,0,0,0,27146,0,27143,0,0
500000000,28,0,0,4.303638935089111,True,125000000,125000000,na,na,na,0,0,0,0,27146,0,27143,0,0
500000000,29,0,0,4.282351493835449,True,125000000,125000000,na,na,na,0,0,0,0,27146,0,27143,0,0
500000000,30,0,0,4.302132606506348,True,125000000,125000000,na,na,na,0,0,0,0,27146,0,27143,0,0
500000000,31,0,0,4.323408842086792,True,125000000,125000000,na,na,na,0,0,0,0,27146,0,27143,0,0
500000000,32,0,0,4.297016620635986,True,125000000,125000000,na,na,na,0,0,0,0,27146,0,27143,0,0
500000000,33,0,0,4.281038522720337,True,125000000,125000000,na,na,na,0,0,0,0,27146,0,27143,0,0
500000000,34,0,0,4.306602716445923,True,125000000,125000000,na,na,na,0,0,0,0,27146,0,27143,0,0
500000000,35,0,0,4.289797067642212,True,125000000,125000000,na,na,na,0,0,0,0,27146,0,27143,0,0
500000000,36,0,0,4.282018184661865,True,125000000,125000000,na,na,na,0,0,0,0,27146,0,27143,0,0
500000000,37,0,0,4.282105207443237,True,125000000,125000000,na,na,na,0,0,0,0,27146,0,27143,0,0
500000000,38,0,0,4.284653663635254,True,125000000,125000000,na,na,na,0,0,0,0,27146,0,27143,0,0
500000000,39,0,0,4.287220239639282,True,125000000,125000000,na,na,na,0,0,0,0,27146,0,27143,0,0
500000000,40,0,0,4.286691904067993,True,125000000,125000000,na,na,na,0,0,0,0,27146,0,27143,0,0
500000000,41,0,0,4.278352499008179,True,125000000,125000000,na,na,na,0,0,0,0,27146,0,27143,0,0
500000000,42,0,0,4.293562412261963,True,125000000,125000000,na,na,na,0,0,0,0,27146,0,27143,0,0
500000000,43,0,0,4.282806158065796,True,125000000,125000000,na,na,na,0,0,0,0,27146,0,27143,0,0
500000000,44,0,0,4.284873008728027,True,125000000,125000000,na,na,na,0,0,0,0,27146,0,27143,0,0
500000000,45,0,0,4.279794692993164,True,125000000,125000000,na,na,na,0,0,0,0,27146,0,27143,0,0
500000000,46,0,0,4.292428970336914,True,125000000,125000000,na,na,na,0,0,0,0,27146,0,27143,0,0
500000000,47,0,0,4.312621355056763,True,125000000,125000000,na,na,na,0,0,0,0,27146,0,27143,0,0
500000000,48,0,0,4.306997060775757,True,125000000,125000000,na,na,na,0,0,0,0,27146,0,27143,0,0
500000000,49,0,0,4.292564868927002,True,125000000,125000000,na,na,na,0,0,0,0,27146,0,27143,0,0
500000000,50,0,0,4.282202243804932,True,125000000,125000000,na,na,na,0,0,0,0,27146,0,27143,0,0
500000000,51,0,0,4.296072959899902,True,125000000,125000000,na,na,na,0,0,0,0,27146,0,27143,0,0
500000000,52,0,0,4.282585620880127,True,125000000,125000000,na,na,na,0,0,0,0,27146,0,27143,0,0
500000000,53,0,0,4.283884525299072,True,125000000,125000000,na,na,na,0,0,0,0,27146,0,27143,0,0
500000000,54,0,0,4.282205820083618,True,125000000,125000000,na,na,na,0,0,0,0,27146,0,27143,0,0
500000000,55,0,0,4.28760290145874,True,125000000,125000000,na,na,na,0,0,0,0,27146,0,27143,0,0
500000000,56,0,0,4.295683860778809,True,125000000,125000000,na,na,na,0,0,0,0,27146,0,27143,0,0
500000000,57,0,0,4.286957502365112,True,125000000,125000000,na,na,na,0,0,0,0,27146,0,27143,0,0
500000000,58,0,0,4.288115978240967,True,125000000,125000000,na,na,na,0,0,0,0,27146,0,27143,0,0
500000000,59,0,0,4.2945568561553955,True,125000000,125000000,na,na,na,0,0,0,0,27146,0,27143,0,0
500000000,60,0,0,4.297303915023804,True,125000000,125000000,na,na,na,0,0,0,0,27146,0,27143,0,0
500000000,61,0,0,4.289548873901367,True,125000000,125000000,na,na,na,0,0,0,0,27146,0,27143,0,0
500000000,62,0,0,4.290558338165283,True,125000000,125000000,na,na,na,0,0,0,0,27146,0,27143,0,0
500000000,63,0,0,4.303553104400635,True,125000000,125000000,na,na,na,0,0,0,0,27146,0,27143,0,0
500000000,64,0,0,4.277939558029175,True,125000000,125000000,na,na,na,0,0,0,0,27146,0,27143,0,0
500000000,65,0,0,4.2967307567596436,True,125000000,125000000,na,na,na,0,0,0,0,27146,0,27143,0,0
500000000,66,0,0,4.291778087615967,True,125000000,125000000,na,na,na,0,0,0,0,27146,0,27143,0,0
500000000,67,0,0,4.298787593841553,True,125000000,125000000,na,na,na,0,0,0,0,27146,0,27143,0,0
500000000,68,0,0,4.290682077407837,True,125000000,125000000,na,na,na,0,0,0,0,27146,0,27143,0,0
500000000,69,0,0,4.294311761856079,True,125000000,125000000,na,na,na,0,0,0,0,27146,0,27143,0,0
500000000,70,0,0,4.287057876586914,True,125000000,125000000,na,na,na,0,0,0,0,27146,0,27143,0,0
500000000,71,0,0,4.294366121292114,True,125000000,125000000,na,na,na,0,0,0,0,27146,0,27143,0,0
500000000,72,0,0,4.287241458892822,True,125000000,125000000,na,na,na,0,0,0,0,27146,0,27143,0,0
500000000,73,0,0,4.290397644042969,True,125000000,125000000,na,na,na,0,0,0,0,27146,0,27143,0,0
500000000,74,0,0,4.294686555862427,True,125000000,125000000,na,na,na,0,0,0,0,27146,0,27143,0,0
500000000,75,0,0,4.331441402435303,True,125000000,125000000,na,na,na,0,0,0,0,27146,0,27143,0,0
500000000,76,0,0,4.290430068969727,True,125000000,125000000,na,na,na,0,0,0,0,27146,0,27143,0,0
500000000,77,0,0,4.276082754135132,True,125000000,125000000,na,na,na,0,0,0,0,27146,0,27143,0,0
500000000,78,0,0,5.437677621841431,True,125000000,125000000,na,na,na,0,0,0,0,27146,0,27143,0,0
500000000,79,0,0,4.296501398086548,True,125000000,125000000,na,na,na,0,0,0,0,27146,0,27143,0,0
500000000,80,0,0,4.275252819061279,True,125000000,125000000,na,na,na,0,0,0,0,27146,0,27143,0,0
500000000,81,0,0,4.286012172698975,True,125000000,125000000,na,na,na,0,0,0,0,27146,0,27143,0,0
500000000,82,0,0,4.303540229797363,True,125000000,125000000,na,na,na,0,0,0,0,27146,0,27143,0,0
500000000,83,0,0,4.28650426864624,True,125000000,125000000,na,na,na,0,0,0,0,27146,0,27143,0,0
500000000,84,0,0,4.294248104095459,True,125000000,125000000,na,na,na,0,0,0,0,27146,0,27143,0,0
500000000,85,0,0,4.298112630844116,True,125000000,125000000,na,na,na,0,0,0,0,27146,0,27143,0,0
500000000,86,0,0,4.3203582763671875,True,125000000,125000000,na,na,na,0,0,0,0,27146,0,27143,0,0
500000000,87,0,0,4.297478437423706,True,125000000,125000000,na,na,na,0,0,0,0,27146,0,27143,0,0
500000000,88,0,0,4.31892466545105,True,125000000,125000000,na,na,na,0,0,0,0,27146,0,27143,0,0
500000000,89,0,0,4.291816234588623,True,125000000,125000000,na,na,na,0,0,0,0,27146,0,27143,0,0
500000000,90,0,0,4.289642333984375,True,125000000,125000000,na,na,na,0,0,0,0,27146,0,27143,0,0
500000000,91,0,0,4.286860704421997,True,125000000,125000000,na,na,na,0,0,0,0,27146,0,27143,0,0
500000000,92,0,0,4.265251398086548,True,125000000,125000000,na,na,na,0,0,0,0,27146,0,27143,0,0
500000000,93,0,0,4.303893566131592,True,125000000,125000000,na,na,na,0,0,0,0,27146,0,27143,0,0
500000000,94,0,0,4.295619487762451,True,125000000,125000000,na,na,na,0,0,0,0,27146,0,27143,0,0
500000000,95,0,0,4.299079179763794,True,125000000,125000000,na,na,na,0,0,0,0,27146,0,27143,0,0
500000000,96,0,0,4.293409585952759,True,125000000,125000000,na,na,na,0,0,0,0,27146,0,27143,0,0
500000000,97,0,0,4.293324947357178,True,125000000,125000000,na,na,na,0,0,0,0,27146,0,27143,0,0
500000000,98,0,0,4.309476852416992,True,125000000,125000000,na,na,na,0,0,0,0,27146,0,27143,0,0
500000000,99,0,0,4.295069932937622,True,125000000,125000000,na,na,na,0,0,0,0,27146,0,27143,0,0
500000000,100,0,0,4.281923532485962,True,125000000,125000000,na,na,na,0,0,0,0,27146,0,27143,0,0
500000000,101,0,0,4.300269603729248,True,125000000,125000000,na,na,na,0,0,0,0,27146,0,27143,0,0
500000000,102,0,0,4.323585033416748,True,125000000,125000000,na,na,na,0,0,0,0,27146,0,27143,0,0
500000000,103,0,0,4.290961503982544,True,125000000,125000000,na,na,na,0,0,0,0,27146,0,27143,0,0
500000000,104,0,0,4.29051947593689,True,125000000,125000000,na,na,na,0,0,0,0,27146,0,27143,0,0
500000000,105,0,0,4.310691833496094,True,125000000,125000000,na,na,na,0,0,0,0,27146,0,27143,0,0
500000000,106,0,0,4.291188478469849,True,125000000,125000000,na,na,na,0,0,0,0,27146,0,27143,0,0
500000000,107,0,0,4.298245191574097,True,125000000,125000000,na,na,na,0,0,0,0,27146,0,27143,0,0
500000000,108,0,0,4.288163900375366,True,125000000,125000000,na,na,na,0,0,0,0,27146,0,27143,0,0
500000000,109,0,0,4.297799587249756,True,125000000,125000000,na,na,na,0,0,0,0,27146,0,27143,0,0
500000000,110,0,0,4.296248912811279,True,125000000,125000000,na,na,na,0,0,0,0,27146,0,27143,0,0
500000000,111,0,0,4.282276391983032,True,125000000,125000000,na,na,na,0,0,0,0,27146,0,27143,0,0
500000000,112,0,0,4.304555892944336,True,125000000,125000000,na,na,na,0,0,0,0,27146,0,27143,0,0
500000000,113,0,0,4.31393837928772,True,125000000,125000000,na,na,na,0,0,0,0,27146,0,27143,0,0
500000000,114,0,0,4.2878992557525635,True,125000000,125000000,na,na,na,0,0,0,0,27146,0,27143,0,0
500000000,115,0,0,4.32133150100708,True,125000000,125000000,na,na,na,0,0,0,0,27146,0,27143,0,0
500000000,116,0,0,4.312102794647217,True,125000000,125000000,na,na,na,0,0,0,0,27146,0,27143,0,0
500000000,117,0,0,4.294130086898804,True,125000000,125000000,na,na,na,0,0,0,0,27146,0,27143,0,0
500000000,118,0,0,4.306189298629761,True,125000000,125000000,na,na,na,0,0,0,0,27146,0,27143,0,0
500000000,119,0,0,4.275758266448975,True,125000000,125000000,na,na,na,0,0,0,0,27146,0,27143,0,0
500000000,120,0,0,4.294020652770996,True,125000000,125000000,na,na,na,0,0,0,0,27146,0,27143,0,0
500000000,121,0,0,4.277905464172363,True,125000000,125000000,na,na,na,0,0,0,0,27146,0,27143,0,0
500000000,122,0,0,4.2896013259887695,True,125000000,125000000,na,na,na,0,0,0,0,27146,0,27143,0,0
500000000,123,0,0,4.292604207992554,True,125000000,125000000,na,na,na,0,0,0,0,27146,0,27143,0,0
500000000,124,0,0,4.27534818649292,True,125000000,125000000,na,na,na,0,0,0,0,27146,0,27143,0,0
500000000,125,0,0,4.270901441574097,True,125000000,125000000,na,na,na,0,0,0,0,27146,0,27143,0,0
500000000,126,0,0,4.2907984256744385,True,125000000,125000000,na,na,na,0,0,0,0,27146,0,27143,0,0
500000000,127,0,0,4.290355205535889,True,125000000,125000000,na,na,na,0,0,0,0,27146,0,27143,0,0
500000000,128,0,0,4.280238389968872,True,125000000,125000000,na,na,na,0,0,0,0,27146,0,27143,0,0
500000000,129,0,0,4.2887983322143555,True,125000000,125000000,na,na,na,0,0,0,0,27146,0,27143,0,0
500000000,130,0,0,4.297075033187866,True,125000000,125000000,na,na,na,0,0,0,0,27146,0,27143,0,0
500000000,131,0,0,4.299813747406006,True,125000000,125000000,na,na,na,0,0,0,0,27146,0,27143,0,0
500000000,132,0,0,4.321294784545898,True,125000000,125000000,na,na,na,0,0,0,0,27146,0,27143,0,0
500000000,133,0,0,4.295653820037842,True,125000000,125000000,na,na,na,0,0,0,0,27146,0,27143,0,0
500000000,134,0,0,4.279817581176758,True,125000000,125000000,na,na,na,0,0,0,0,27146,0,27143,0,0
500000000,135,0,0,4.2997307777404785,True,125000000,125000000,na,na,na,0,0,0,0,27146,0,27143,0,0
500000000,136,0,0,4.290639162063599,True,125000000,125000000,na,na,na,0,0,0,0,27146,0,27143,0,0
500000000,137,0,0,4.2845776081085205,True,125000000,125000000,na,na,na,0,0,0,0,27146,0,27143,0,0
500000000,138,0,0,4.317745685577393,True,125000000,125000000,na,na,na,0,0,0,0,27146,0,27143,0,0
500000000,139,0,0,4.290079355239868,True,125000000,125000000,na,na,na,0,0,0,0,27146,0,27143,0,0
500000000,140,0,0,4.287014961242676,True,125000000,125000000,na,na,na,0,0,0,0,27146,0,27143,0,0
500000000,141,0,0,4.29172420501709,True,125000000,125000000,na,na,na,0,0,0,0,27146,0,27143,0,0
500000000,142,0,0,4.301129341125488,True,125000000,125000000,na,na,na,0,0,0,0,27146,0,27143,0,0
500000000,143,0,0,4.318766117095947,True,125000000,125000000,na,na,na,0,0,0,0,27146,0,27143,0,0
500000000,144,0,0,4.312137842178345,True,125000000,125000000,na,na,na,0,0,0,0,27146,0,27143,0,0
500000000,145,0,0,4.282201528549194,True,125000000,125000000,na,na,na,0,0,0,0,27146,0,27143,0,0
500000000,146,0,0,4.295981407165527,True,125000000,125000000,na,na,na,0,0,0,0,27146,0,27143,0,0
500000000,147,0,0,4.298170566558838,True,125000000,125000000,na,na,na,0,0,0,0,27146,0,27143,0,0
500000000,148,0,0,4.289790630340576,True,125000000,125000000,na,na,na,0,0,0,0,27146,0,27143,0,0
500000000,149,0,0,4.296946287155151,True,125000000,125000000,na,na,na,0,0,0,0,27146,0,27143,0,0
500000000,150,0,0,4.285995244979858,True,125000000,125000000,na,na,na,0,0,0,0,27146,0,27143,0,0
500000000,151,0,0,4.310917139053345,True,125000000,125000000,na,na,na,0,0,0,0,27146,0,27143,0,0
500000000,152,0,0,4.279710054397583,True,125000000,125000000,na,na,na,0,0,0,0,27146,0,27143,0,0
500000000,153,0,0,4.306169509887695,True,125000000,125000000,na,na,na,0,0,0,0,27146,0,27143,0,0
500000000,154,0,0,4.289513826370239,True,125000000,125000000,na,na,na,0,0,0,0,27146,0,27143,0,0
500000000,155,0,0,4.2887444496154785,True,125000000,125000000,na,na,na,0,0,0,0,27146,0,27143,0,0
500000000,156,0,0,4.285976409912109,True,125000000,125000000,na,na,na,0,0,0,0,27146,0,27143,0,0
500000000,157,0,0,4.288656711578369,True,125000000,125000000,na,na,na,0,0,0,0,27146,0,27143,0,0
500000000,158,0,0,4.279468059539795,True,125000000,125000000,na,na,na,0,0,0,0,27146,0,27143,0,0
500000000,159,0,0,4.2924370765686035,True,125000000,125000000,na,na,na,0,0,0,0,27146,0,27143,0,0
500000000,160,0,0,4.309192419052124,True,125000000,125000000,na,na,na,0,0,0,0,27146,0,27143,0,0
500000000,161,0,0,4.312234878540039,True,125000000,125000000,na,na,na,0,0,0,0,27146,0,27143,0,0
500000000,162,0,0,4.284609079360962,True,125000000,125000000,na,na,na,0,0,0,0,27146,0,27143,0,0
500000000,163,0,0,4.31923246383667,True,125000000,125000000,na,na,na,0,0,0,0,27146,0,27143,0,0
500000000,164,0,0,4.307342290878296,True,125000000,125000000,na,na,na,0,0,0,0,27146,0,27143,0,0
500000000,165,0,0,4.2833380699157715,True,125000000,125000000,na,na,na,0,0,0,0,27146,0,27143,0,0
500000000,166,0,0,4.290032386779785,True,125000000,125000000,na,na,na,0,0,0,0,27146,0,27143,0,0
500000000,167,0,0,4.324061393737793,True,125000000,125000000,na,na,na,0,0,0,0,27146,0,27143,0,0
500000000,168,0,0,4.282562494277954,True,125000000,125000000,na,na,na,0,0,0,0,27146,0,27143,0,0
500000000,169,0,0,4.293200492858887,True,125000000,125000000,na,na,na,0,0,0,0,27146,0,27143,0,0
500000000,170,0,0,4.291872262954712,True,125000000,125000000,na,na,na,0,0,0,0,27146,0,27143,0,0
500000000,171,0,0,4.297599792480469,True,125000000,125000000,na,na,na,0,0,0,0,27146,0,27143,0,0
500000000,172,0,0,4.280091285705566,True,125000000,125000000,na,na,na,0,0,0,0,27146,0,27143,0,0
500000000,173,0,0,4.28566312789917,True,125000000,125000000,na,na,na,0,0,0,0,27146,0,27143,0,0
500000000,174,0,0,4.2907984256744385,True,125000000,125000000,na,na,na,0,0,0,0,27146,0,27143,0,0
500000000,175,0,0,4.293814659118652,True,125000000,125000000,na,na,na,0,0,0,0,27146,0,27143,0,0
500000000,176,0,0,4.299843072891235,True,125000000,125000000,na,na,na,0,0,0,0,27146,0,27143,0,0
500000000,177,0,0,6.873029470443726,True,125000000,125000000,na,na,na,0,0,0,0,27146,0,27143,0,0
500000000,178,0,0,4.261534214019775,True,125000000,125000000,na,na,na,0,0,0,0,27146,0,27143,0,0
500000000,179,0,0,4.2146782875061035,True,125000000,125000000,na,na,na,0,0,0,0,27146,0,27143,0,0
500000000,180,0,0,4.293997287750244,True,125000000,125000000,na,na,na,0,0,0,0,27146,0,27143,0,0
500000000,181,0,0,4.274681568145752,True,125000000,125000000,na,na,na,0,0,0,0,27146,0,27143,0,0
500000000,182,0,0,4.277382135391235,True,125000000,125000000,na,na,na,0,0,0,0,27146,0,27143,0,0
500000000,183,0,0,4.277173757553101,True,125000000,125000000,na,na,na,0,0,0,0,27146,0,27143,0,0
500000000,184,0,0,4.288295030593872,True,125000000,125000000,na,na,na,0,0,0,0,27146,0,27143,0,0
500000000,185,0,0,4.313502073287964,True,125000000,125000000,na,na,na,0,0,0,0,27146,0,27143,0,0
500000000,186,0,0,4.298963785171509,True,125000000,125000000,na,na,na,0,0,0,0,27146,0,27143,0,0
500000000,187,0,0,4.289177894592285,True,125000000,125000000,na,na,na,0,0,0,0,27146,0,27143,0,0
500000000,188,0,0,4.2840797901153564,True,125000000,125000000,na,na,na,0,0,0,0,27146,0,27143,0,0
500000000,189,0,0,4.2847349643707275,True,125000000,125000000,na,na,na,0,0,0,0,27146,0,27143,0,0
500000000,190,0,0,4.295923948287964,True,125000000,125000000,na,na,na,0,0,0,0,27146,0,27143,0,0
500000000,191,0,0,4.318192958831787,True,125000000,125000000,na,na,na,0,0,0,0,27146,0,27143,0,0
500000000,192,0,0,4.283891439437866,True,125000000,125000000,na,na,na,0,0,0,0,27146,0,27143,0,0
500000000,193,0,0,4.295049428939819,True,125000000,125000000,na,na,na,0,0,0,0,27146,0,27143,0,0
500000000,194,0,0,4.271496057510376,True,125000000,125000000,na,na,na,0,0,0,0,27146,0,27143,0,0
500000000,195,0,0,5.243270635604858,True,125000000,125000000,na,na,na,0,0,0,0,27146,0,27143,0,0
500000000,196,0,0,6.2499213218688965,True,125000000,125000000,na,na,na,0,0,0,0,27146,0,27143,0,0
500000000,197,0,0,4.2838945388793945,True,125000000,125000000,na,na,na,0,0,0,0,27146,0,27143,0,0
500000000,198,0,0,4.319157838821411,True,125000000,125000000,na,na,na,0,0,0,0,27146,0,27143,0,0
500000000,199,0,0,4.305967092514038,True,125000000,125000000,na,na,na,0,0,0,0,27146,0,27143,0,0
500000000,200,0,0,4.2946860790252686,True,125000000,125000000,na,na,na,0,0,0,0,27146,0,27143,0,0
500000000,201,0,0,4.288628816604614,True,125000000,125000000,na,na,na,0,0,0,0,27146,0,27143,0,0
500000000,202,0,0,4.2918994426727295,True,125000000,125000000,na,na,na,0,0,0,0,27146,0,27143,0,0
500000000,203,0,0,4.282835006713867,True,125000000,125000000,na,na,na,0,0,0,0,27146,0,27143,0,0
500000000,204,0,0,4.293459415435791,True,125000000,125000000,na,na,na,0,0,0,0,27146,0,27143,0,0
500000000,205,0,0,4.3014562129974365,True,125000000,125000000,na,na,na,0,0,0,0,27146,0,27143,0,0
500000000,206,0,0,4.317149639129639,True,125000000,125000000,na,na,na,0,0,0,0,27146,0,27143,0,0
500000000,207,0,0,4.294461488723755,True,125000000,125000000,na,na,na,0,0,0,0,27146,0,27143,0,0
500000000,208,0,0,4.292797327041626,True,125000000,125000000,na,na,na,0,0,0,0,27146,0,27143,0,0
500000000,209,0,0,4.278707981109619,True,125000000,125000000,na,na,na,0,0,0,0,27146,0,27143,0,0
500000000,210,0,0,4.292598724365234,True,125000000,125000000,na,na,na,0,0,0,0,27146,0,27143,0,0
500000000,211,0,0,4.289762258529663,True,125000000,125000000,na,na,na,0,0,0,0,27146,0,27143,0,0
500000000,212,0,0,4.298096656799316,True,125000000,125000000,na,na,na,0,0,0,0,27146,0,27143,0,0
500000000,213,0,0,4.292180776596069,True,125000000,125000000,na,na,na,0,0,0,0,27146,0,27143,0,0
500000000,214,0,0,4.314964771270752,True,125000000,125000000,na,na,na,0,0,0,0,27146,0,27143,0,0
500000000,215,0,0,4.295754909515381,True,125000000,125000000,na,na,na,0,0,0,0,27146,0,27143,0,0
500000000,216,0,0,4.274167537689209,True,125000000,125000000,na,na,na,0,0,0,0,27146,0,27143,0,0
500000000,217,0,0,4.303875923156738,True,125000000,125000000,na,na,na,0,0,0,0,27146,0,27143,0,0
500000000,218,0,0,4.278772592544556,True,125000000,125000000,na,na,na,0,0,0,0,27146,0,27143,0,0
500000000,219,0,0,4.299757719039917,True,125000000,125000000,na,na,na,0,0,0,0,27146,0,27143,0,0
500000000,220,0,0,4.29974102973938,True,125000000,125000000,na,na,na,0,0,0,0,27146,0,27143,0,0
500000000,221,0,0,4.273146390914917,True,125000000,125000000,na,na,na,0,0,0,0,27146,0,27143,0,0
500000000,222,0,0,4.2736334800720215,True,125000000,125000000,na,na,na,0,0,0,0,27146,0,27143,0,0
500000000,223,0,0,4.275776624679565,True,125000000,125000000,na,na,na,0,0,0,0,27146,0,27143,0,0
500000000,224,0,0,4.329380989074707,True,125000000,125000000,na,na,na,0,0,0,0,27146,0,27143,0,0
500000000,225,0,0,4.280999660491943,True,125000000,125000000,na,na,na,0,0,0,0,27146,0,27143,0,0
500000000,226,0,0,4.306140661239624,True,125000000,125000000,na,na,na,0,0,0,0,27146,0,27143,0,0
500000000,227,0,0,4.322982311248779,True,125000000,125000000,na,na,na,0,0,0,0,27146,0,27143,0,0
500000000,228,0,0,4.281157970428467,True,125000000,125000000,na,na,na,0,0,0,0,27146,0,27143,0,0
500000000,229,0,0,4.293115139007568,True,125000000,125000000,na,na,na,0,0,0,0,27146,0,27143,0,0
500000000,230,0,0,4.267996311187744,True,125000000,125000000,na,na,na,0,0,0,0,27146,0,27143,0,0
500000000,231,0,0,4.289346694946289,True,125000000,125000000,na,na,na,0,0,0,0,27146,0,27143,0,0
500000000,232,0,0,4.2994914054870605,True,125000000,125000000,na,na,na,0,0,0,0,27146,0,27143,0,0
500000000,233,0,0,4.296957969665527,True,125000000,125000000,na,na,na,0,0,0,0,27146,0,27143,0,0
500000000,234,0,0,4.321454763412476,True,125000000,125000000,na,na,na,0,0,0,0,27146,0,27143,0,0
500000000,235,0,0,4.304800271987915,True,125000000,125000000,na,na,na,0,0,0,0,27146,0,27143,0,0
500000000,236,0,0,4.291982650756836,True,125000000,125000000,na,na,na,0,0,0,0,27146,0,27143,0,0
500000000,237,0,0,4.293019771575928,True,125000000,125000000,na,na,na,0,0,0,0,27146,0,27143,0,0
500000000,238,0,0,4.279132127761841,True,125000000,125000000,na,na,na,0,0,0,0,27146,0,27143,0,0
500000000,239,0,0,4.297722578048706,True,125000000,125000000,na,na,na,0,0,0,0,27146,0,27143,0,0
500000000,240,0,0,4.2819294929504395,True,125000000,125000000,na,na,na,0,0,0,0,27146,0,27143,0,0
500000000,241,0,0,4.298139810562134,True,125000000,125000000,na,na,na,0,0,0,0,27146,0,27143,0,0
500000000,242,0,0,4.274213552474976,True,125000000,125000000,na,na,na,0,0,0,0,27146,0,27143,0,0
500000000,243,0,0,4.285006523132324,True,125000000,125000000,na,na,na,0,0,0,0,27146,0,27143,0,0
500000000,244,0,0,4.287851810455322,True,125000000,125000000,na,na,na,0,0,0,0,27146,0,27143,0,0
500000000,245,0,0,4.269189357757568,True,125000000,125000000,na,na,na,0,0,0,0,27146,0,27143,0,0
500000000,246,0,0,4.289153099060059,True,125000000,125000000,na,na,na,0,0,0,0,27146,0,27143,0,0
500000000,247,0,0,4.27457594871521,True,125000000,125000000,na,na,na,0,0,0,0,27146,0,27143,0,0
500000000,248,0,0,4.297345399856567,True,125000000,125000000,na,na,na,0,0,0,0,27146,0,27143,0,0
500000000,249,0,0,4.301919221878052,True,125000000,125000000,na,na,na,0,0,0,0,27146,0,27143,0,0
500000000,250,0,0,4.310434103012085,True,125000000,125000000,na,na,na,0,0,0,0,27146,0,27143,0,0
500000000,251,0,0,4.300785303115845,True,125000000,125000000,na,na,na,0,0,0,0,27146,0,27143,0,0
500000000,252,0,0,4.305236339569092,True,125000000,125000000,na,na,na,0,0,0,0,27146,0,27143,0,0
500000000,253,0,0,4.30107569694519,True,125000000,125000000,na,na,na,0,0,0,0,27146,0,27143,0,0
500000000,254,0,0,4.908801317214966,True,125000000,125000000,na,na,na,0,0,0,0,27146,0,27143,0,0
500000000,255,0,0,4.302360773086548,True,125000000,125000000,na,na,na,0,0,0,0,27146,0,27143,0,0
500000000,256,0,0,4.294601202011108,True,125000000,125000000,na,na,na,0,0,0,0,27146,0,27143,0,0
500000000,257,0,0,4.2925639152526855,True,125000000,125000000,na,na,na,0,0,0,0,27146,0,27143,0,0
500000000,258,0,0,4.2951695919036865,True,125000000,125000000,na,na,na,0,0,0,0,27146,0,27143,0,0
500000000,259,0,0,4.304420709609985,True,125000000,125000000,na,na,na,0,0,0,0,27146,0,27143,0,0
500000000,260,0,0,4.294383525848389,True,125000000,125000000,na,na,na,0,0,0,0,27146,0,27143,0,0
500000000,261,0,0,4.299297571182251,True,125000000,125000000,na,na,na,0,0,0,0,27146,0,27143,0,0
500000000,262,0,0,4.3197784423828125,True,125000000,125000000,na,na,na,0,0,0,0,27146,0,27143,0,0
500000000,263,0,0,4.28073263168335,True,125000000,125000000,na,na,na,0,0,0,0,27146,0,27143,0,0
500000000,264,0,0,4.304519891738892,True,125000000,125000000,na,na,na,0,0,0,0,27146,0,27143,0,0
500000000,265,0,0,4.301916837692261,True,125000000,125000000,na,na,na,0,0,0,0,27146,0,27143,0,0
500000000,266,0,0,4.320955991744995,True,125000000,125000000,na,na,na,0,0,0,0,27146,0,27143,0,0
500000000,267,0,0,4.29002571105957,True,125000000,125000000,na,na,na,0,0,0,0,27146,0,27143,0,0
500000000,268,0,0,4.310488939285278,True,125000000,125000000,na,na,na,0,0,0,0,27146,0,27143,0,0
500000000,269,0,0,4.290772914886475,True,125000000,125000000,na,na,na,0,0,0,0,27146,0,27143,0,0
500000000,270,0,0,4.315530061721802,True,125000000,125000000,na,na,na,0,0,0,0,27146,0,27143,0,0
500000000,271,0,0,4.2919089794158936,True,125000000,125000000,na,na,na,0,0,0,0,27146,0,27143,0,0
500000000,272,0,0,4.420916318893433,True,125000000,125000000,na,na,na,0,0,0,0,27146,0,27143,0,0
500000000,273,0,0,4.2983293533325195,True,125000000,125000000,na,na,na,0,0,0,0,27146,0,27143,0,0
500000000,274,0,0,4.294528007507324,True,125000000,125000000,na,na,na,0,0,0,0,27146,0,27143,0,0
500000000,275,0,0,4.303177118301392,True,125000000,125000000,na,na,na,0,0,0,0,27146,0,27143,0,0
500000000,276,0,0,4.291064739227295,True,125000000,125000000,na,na,na,0,0,0,0,27146,0,27143,0,0
500000000,277,0,0,4.304095268249512,True,125000000,125000000,na,na,na,0,0,0,0,27146,0,27143,0,0
500000000,278,0,0,4.270997524261475,True,125000000,125000000,na,na,na,0,0,0,0,27146,0,27143,0,0
500000000,279,0,0,4.285975933074951,True,125000000,125000000,na,na,na,0,0,0,0,27146,0,27143,0,0
500000000,280,0,0,4.765109539031982,True,125000000,125000000,na,na,na,0,0,0,0,27146,0,27143,0,0
500000000,281,0,0,4.286620140075684,True,125000000,125000000,na,na,na,0,0,0,0,27146,0,27143,0,0
500000000,282,0,0,4.321768045425415,True,125000000,125000000,na,na,na,0,0,0,0,27146,0,27143,0,0
500000000,283,0,0,4.266023397445679,True,125000000,125000000,na,na,na,0,0,0,0,27146,0,27143,0,0
500000000,284,0,0,4.312135696411133,True,125000000,125000000,na,na,na,0,0,0,0,27146,0,27143,0,0
500000000,285,0,0,4.301366567611694,True,125000000,125000000,na,na,na,0,0,0,0,27146,0,27143,0,0
500000000,286,0,0,4.290155649185181,True,125000000,125000000,na,na,na,0,0,0,0,27146,0,27143,0,0
500000000,287,0,0,4.276307821273804,True,125000000,125000000,na,na,na,0,0,0,0,27146,0,27143,0,0
500000000,288,0,0,4.291848421096802,True,125000000,125000000,na,na,na,0,0,0,0,27146,0,27143,0,0
500000000,289,0,0,4.289546489715576,True,125000000,125000000,na,na,na,0,0,0,0,27146,0,27143,0,0
500000000,290,0,0,4.279932737350464,True,125000000,125000000,na,na,na,0,0,0,0,27146,0,27143,0,0
500000000,291,0,0,4.2740583419799805,True,125000000,125000000,na,na,na,0,0,0,0,27146,0,27143,0,0
500000000,292,0,0,4.28213357925415,True,125000000,125000000,na,na,na,0,0,0,0,27146,0,27143,0,0
500000000,293,0,0,4.2963080406188965,True,125000000,125000000,na,na,na,0,0,0,0,27146,0,27143,0,0
500000000,294,0,0,7.9321324825286865,True,125000000,125000000,na,na,na,0,0,0,0,27146,0,27143,0,0
500000000,295,0,0,4.306406021118164,True,125000000,125000000,na,na,na,0,0,0,0,27146,0,27143,0,0
500000000,296,0,0,4.314836025238037,True,125000000,125000000,na,na,na,0,0,0,0,27146,0,27143,0,0
500000000,297,0,0,4.291471481323242,True,125000000,125000000,na,na,na,0,0,0,0,27146,0,27143,0,0
500000000,298,0,0,4.286895275115967,True,125000000,125000000,na,na,na,0,0,0,0,27146,0,27143,0,0
500000000,299,0,0,4.2827842235565186,True,125000000,125000000,na,na,na,0,0,0,0,27146,0,27143,0,0
500000000,300,0,0,4.283320903778076,True,125000000,125000000,na,na,na,0,0,0,0,27146,0,27143,0,0
500000000,301,0,0,4.279057502746582,True,125000000,125000000,na,na,na,0,0,0,0,27146,0,27143,0,0
500000000,302,0,0,4.298814535140991,True,125000000,125000000,na,na,na,0,0,0,0,27146,0,27143,0,0
500000000,303,0,0,4.290581703186035,True,125000000,125000000,na,na,na,0,0,0,0,27146,0,27143,0,0
500000000,304,0,0,4.288086891174316,True,125000000,125000000,na,na,na,0,0,0,0,27146,0,27143,0,0
500000000,305,0,0,4.301074266433716,True,125000000,125000000,na,na,na,0,0,0,0,27146,0,27143,0,0
500000000,306,0,0,4.298072099685669,True,125000000,125000000,na,na,na,0,0,0,0,27146,0,27143,0,0
500000000,307,0,0,4.292134046554565,True,125000000,125000000,na,na,na,0,0,0,0,27146,0,27143,0,0
500000000,308,0,0,4.275872468948364,True,125000000,125000000,na,na,na,0,0,0,0,27146,0,27143,0,0
500000000,309,0,0,4.288266181945801,True,125000000,125000000,na,na,na,0,0,0,0,27146,0,27143,0,0
500000000,310,0,0,4.277893543243408,True,125000000,125000000,na,na,na,0,0,0,0,27146,0,27143,0,0
500000000,311,0,0,4.307865142822266,True,125000000,125000000,na,na,na,0,0,0,0,27146,0,27143,0,0
500000000,312,0,0,4.3048272132873535,True,125000000,125000000,na,na,na,0,0,0,0,27146,0,27143,0,0
500000000,313,0,0,4.2901318073272705,True,125000000,125000000,na,na,na,0,0,0,0,27146,0,27143,0,0
500000000,314,0,0,4.291127920150757,True,125000000,125000000,na,na,na,0,0,0,0,27146,0,27143,0,0
500000000,315,0,0,4.307457208633423,True,125000000,125000000,na,na,na,0,0,0,0,27146,0,27143,0,0
500000000,316,0,0,4.285359621047974,True,125000000,125000000,na,na,na,0,0,0,0,27146,0,27143,0,0
500000000,317,0,0,4.280644655227661,True,125000000,125000000,na,na,na,0,0,0,0,27146,0,27143,0,0
500000000,318,0,0,4.2812933921813965,True,125000000,125000000,na,na,na,0,0,0,0,27146,0,27143,0,0
500000000,319,0,0,4.311607599258423,True,125000000,125000000,na,na,na,0,0,0,0,27146,0,27143,0,0
500000000,320,0,0,4.295413255691528,True,125000000,125000000,na,na,na,0,0,0,0,27146,0,27143,0,0
500000000,321,0,0,4.29711389541626,True,125000000,125000000,na,na,na,0,0,0,0,27146,0,27143,0,0
500000000,322,0,0,4.285201072692871,True,125000000,125000000,na,na,na,0,0,0,0,27146,0,27143,0,0
500000000,323,0,0,4.290598630905151,True,125000000,125000000,na,na,na,0,0,0,0,27146,0,27143,0,0
500000000,324,0,0,4.31783127784729,True,125000000,125000000,na,na,na,0,0,0,0,27146,0,27143,0,0
500000000,325,0,0,4.274773836135864,True,125000000,125000000,na,na,na,0,0,0,0,27146,0,27143,0,0
500000000,326,0,0,4.291183948516846,True,125000000,125000000,na,na,na,0,0,0,0,27146,0,27143,0,0
500000000,327,0,0,4.289227724075317,True,125000000,125000000,na,na,na,0,0,0,0,27146,0,27143,0,0
500000000,328,0,0,4.292432069778442,True,125000000,125000000,na,na,na,0,0,0,0,27146,0,27143,0,0
500000000,329,0,0,4.285704135894775,True,125000000,125000000,na,na,na,0,0,0,0,27146,0,27143,0,0
500000000,330,0,0,4.304481029510498,True,125000000,125000000,na,na,na,0,0,0,0,27146,0,27143,0,0
500000000,331,0,0,4.308615446090698,True,125000000,125000000,na,na,na,0,0,0,0,27146,0,27143,0,0
500000000,332,0,0,4.294301748275757,True,125000000,125000000,na,na,na,0,0,0,0,27146,0,27143,0,0
500000000,333,0,0,4.322365045547485,True,125000000,125000000,na,na,na,0,0,0,0,27146,0,27143,0,0
500000000,334,0,0,4.291810512542725,True,125000000,125000000,na,na,na,0,0,0,0,27146,0,27143,0,0
500000000,335,0,0,4.3066911697387695,True,125000000,125000000,na,na,na,0,0,0,0,27146,0,27143,0,0
500000000,336,0,0,4.285435199737549,True,125000000,125000000,na,na,na,0,0,0,0,27146,0,27143,0,0
500000000,337,0,0,4.311110258102417,True,125000000,125000000,na,na,na,0,0,0,0,27146,0,27143,0,0
500000000,338,0,0,4.287903308868408,True,125000000,125000000,na,na,na,0,0,0,0,27146,0,27143,0,0
500000000,339,0,0,4.2970569133758545,True,125000000,125000000,na,na,na,0,0,0,0,27146,0,27143,0,0
500000000,340,0,0,4.317936897277832,True,125000000,125000000,na,na,na,0,0,0,0,27146,0,27143,0,0
500000000,341,0,0,4.288684129714966,True,125000000,125000000,na,na,na,0,0,0,0,27146,0,27143,0,0
500000000,342,0,0,4.301275253295898,True,125000000,125000000,na,na,na,0,0,0,0,27146,0,27143,0,0
500000000,343,0,0,4.285059928894043,True,125000000,125000000,na,na,na,0,0,0,0,27146,0,27143,0,0
500000000,344,0,0,4.286600828170776,True,125000000,125000000,na,na,na,0,0,0,0,27146,0,27143,0,0
500000000,345,0,0,4.3000123500823975,True,125000000,125000000,na,na,na,0,0,0,0,27146,0,27143,0,0
500000000,346,0,0,4.305327415466309,True,125000000,125000000,na,na,na,0,0,0,0,27146,0,27143,0,0
500000000,347,0,0,4.294000864028931,True,125000000,125000000,na,na,na,0,0,0,0,27146,0,27143,0,0
500000000,348,0,0,4.296086072921753,True,125000000,125000000,na,na,na,0,0,0,0,27146,0,27143,0,0
500000000,349,0,0,4.29190993309021,True,125000000,125000000,na,na,na,0,0,0,0,27146,0,27143,0,0
500000000,350,0,0,4.315279245376587,True,125000000,125000000,na,na,na,0,0,0,0,27146,0,27143,0,0
500000000,351,0,0,4.29569149017334,True,125000000,125000000,na,na,na,0,0,0,0,27146,0,27143,0,0
500000000,352,0,0,4.296668291091919,True,125000000,125000000,na,na,na,0,0,0,0,27146,0,27143,0,0
500000000,353,0,0,4.286727428436279,True,125000000,125000000,na,na,na,0,0,0,0,27146,0,27143,0,0
500000000,354,0,0,4.281324625015259,True,125000000,125000000,na,na,na,0,0,0,0,27146,0,27143,0,0
500000000,355,0,0,4.932255744934082,True,125000000,125000000,na,na,na,0,0,0,0,27146,0,27143,0,0
500000000,356,0,0,4.312400579452515,True,125000000,125000000,na,na,na,0,0,0,0,27146,0,27143,0,0
500000000,357,0,0,4.313038110733032,True,125000000,125000000,na,na,na,0,0,0,0,27146,0,27143,0,0
500000000,358,0,0,4.281122922897339,True,125000000,125000000,na,na,na,0,0,0,0,27146,0,27143,0,0
500000000,359,0,0,4.281408786773682,True,125000000,125000000,na,na,na,0,0,0,0,27146,0,27143,0,0
500000000,360,0,0,4.292831659317017,True,125000000,125000000,na,na,na,0,0,0,0,27146,0,27143,0,0
500000000,361,0,0,4.295911550521851,True,125000000,125000000,na,na,na,0,0,0,0,27146,0,27143,0,0
500000000,362,0,0,4.318643093109131,True,125000000,125000000,na,na,na,0,0,0,0,27146,0,27143,0,0
500000000,363,0,0,4.317473649978638,True,125000000,125000000,na,na,na,0,0,0,0,27146,0,27143,0,0
500000000,364,0,0,4.280287504196167,True,125000000,125000000,na,na,na,0,0,0,0,27146,0,27143,0,0
500000000,365,0,0,4.295564889907837,True,125000000,125000000,na,na,na,0,0,0,0,27146,0,27143,0,0
500000000,366,0,0,4.3137054443359375,True,125000000,125000000,na,na,na,0,0,0,0,27146,0,27143,0,0
500000000,367,0,0,4.279874086380005,True,125000000,125000000,na,na,na,0,0,0,0,27146,0,27143,0,0
500000000,368,0,0,4.271127462387085,True,125000000,125000000,na,na,na,0,0,0,0,27146,0,27143,0,0
500000000,369,0,0,4.307680130004883,True,125000000,125000000,na,na,na,0,0,0,0,27146,0,27143,0,0
500000000,370,0,0,4.308664083480835,True,125000000,125000000,na,na,na,0,0,0,0,27146,0,27143,0,0
500000000,371,0,0,4.29436731338501,True,125000000,125000000,na,na,na,0,0,0,0,27146,0,27143,0,0
500000000,372,0,0,4.296339273452759,True,125000000,125000000,na,na,na,0,0,0,0,27146,0,27143,0,0
500000000,373,0,0,4.294959306716919,True,125000000,125000000,na,na,na,0,0,0,0,27146,0,27143,0,0
500000000,374,0,0,4.301164627075195,True,125000000,125000000,na,na,na,0,0,0,0,27146,0,27143,0,0
500000000,375,0,0,4.3185484409332275,True,125000000,125000000,na,na,na,0,0,0,0,27146,0,27143,0,0
500000000,376,0,0,4.297919750213623,True,125000000,125000000,na,na,na,0,0,0,0,27146,0,27143,0,0
500000000,377,0,0,4.28444504737854,True,125000000,125000000,na,na,na,0,0,0,0,27146,0,27143,0,0
500000000,378,0,0,4.276117563247681,True,125000000,125000000,na,na,na,0,0,0,0,27146,0,27143,0,0
500000000,379,0,0,4.303407907485962,True,125000000,125000000,na,na,na,0,0,0,0,27146,0,27143,0,0
500000000,380,0,0,4.302676200866699,True,125000000,125000000,na,na,na,0,0,0,0,27146,0,27143,0,0
500000000,381,0,0,4.284483194351196,True,125000000,125000000,na,na,na,0,0,0,0,27146,0,27143,0,0
500000000,382,0,0,4.293185472488403,True,125000000,125000000,na,na,na,0,0,0,0,27146,0,27143,0,0
500000000,383,0,0,4.270748138427734,True,125000000,125000000,na,na,na,0,0,0,0,27146,0,27143,0,0
500000000,384,0,0,4.297276735305786,True,125000000,125000000,na,na,na,0,0,0,0,27146,0,27143,0,0
500000000,385,0,0,4.324749946594238,True,125000000,125000000,na,na,na,0,0,0,0,27146,0,27143,0,0
500000000,386,0,0,4.3019914627075195,True,125000000,125000000,na,na,na,0,0,0,0,27146,0,27143,0,0
500000000,387,0,0,4.307472229003906,True,125000000,125000000,na,na,na,0,0,0,0,27146,0,27143,0,0
500000000,388,0,0,4.30244255065918,True,125000000,125000000,na,na,na,0,0,0,0,27146,0,27143,0,0
500000000,389,0,0,4.289955377578735,True,125000000,125000000,na,na,na,0,0,0,0,27146,0,27143,0,0
500000000,390,0,0,4.309381008148193,True,125000000,125000000,na,na,na,0,0,0,0,27146,0,27143,0,0
500000000,391,0,0,4.298448324203491,True,125000000,125000000,na,na,na,0,0,0,0,27146,0,27143,0,0
500000000,392,0,0,4.281741619110107,True,125000000,125000000,na,na,na,0,0,0,0,27146,0,27143,0,0
500000000,393,0,0,4.3066911697387695,True,125000000,125000000,na,na,na,0,0,0,0,27146,0,27143,0,0
500000000,394,0,0,4.308642625808716,True,125000000,125000000,na,na,na,0,0,0,0,27146,0,27143,0,0
500000000,395,0,0,4.288126468658447,True,125000000,125000000,na,na,na,0,0,0,0,27146,0,27143,0,0
500000000,396,0,0,4.293179035186768,True,125000000,125000000,na,na,na,0,0,0,0,27146,0,27143,0,0
500000000,397,0,0,4.317357063293457,True,125000000,125000000,na,na,na,0,0,0,0,27146,0,27143,0,0
500000000,398,0,0,4.291855812072754,True,125000000,125000000,na,na,na,0,0,0,0,27146,0,27143,0,0
500000000,399,0,0,4.293051242828369,True,125000000,125000000,na,na,na,0,0,0,0,27146,0,27143,0,0
500000000,400,0,0,4.293281078338623,True,125000000,125000000,na,na,na,0,0,0,0,27146,0,27143,0,0
500000000,401,0,0,4.283213376998901,True,125000000,125000000,na,na,na,0,0,0,0,27146,0,27143,0,0
500000000,402,0,0,4.318053245544434,True,125000000,125000000,na,na,na,0,0,0,0,27146,0,27143,0,0
500000000,403,0,0,4.310260772705078,True,125000000,125000000,na,na,na,0,0,0,0,27146,0,27143,0,0
500000000,404,0,0,4.293277978897095,True,125000000,125000000,na,na,na,0,0,0,0,27146,0,27143,0,0
500000000,405,0,0,4.286435842514038,True,125000000,125000000,na,na,na,0,0,0,0,27146,0,27143,0,0
500000000,406,0,0,4.298855304718018,True,125000000,125000000,na,na,na,0,0,0,0,27146,0,27143,0,0
500000000,407,0,0,4.305654764175415,True,125000000,125000000,na,na,na,0,0,0,0,27146,0,27143,0,0
500000000,408,0,0,4.290197134017944,True,125000000,125000000,na,na,na,0,0,0,0,27146,0,27143,0,0
500000000,409,0,0,4.307684898376465,True,125000000,125000000,na,na,na,0,0,0,0,27146,0,27143,0,0
500000000,410,0,0,4.290023565292358,True,125000000,125000000,na,na,na,0,0,0,0,27146,0,27143,0,0
500000000,411,0,0,4.286792278289795,True,125000000,125000000,na,na,na,0,0,0,0,27146,0,27143,0,0
500000000,412,0,0,4.284929275512695,True,125000000,125000000,na,na,na,0,0,0,0,27146,0,27143,0,0
500000000,413,0,0,4.291654825210571,True,125000000,125000000,na,na,na,0,0,0,0,27146,0,27143,0,0
500000000,414,0,0,4.29140043258667,True,125000000,125000000,na,na,na,0,0,0,0,27146,0,27143,0,0
500000000,415,0,0,4.286220073699951,True,125000000,125000000,na,na,na,0,0,0,0,27146,0,27143,0,0
500000000,416,0,0,4.286412954330444,True,125000000,125000000,na,na,na,0,0,0,0,27146,0,27143,0,0
500000000,417,0,0,4.320016622543335,True,125000000,125000000,na,na,na,0,0,0,0,27146,0,27143,0,0
500000000,418,0,0,4.2996602058410645,True,125000000,125000000,na,na,na,0,0,0,0,27146,0,27143,0,0
500000000,419,0,0,4.304324150085449,True,125000000,125000000,na,na,na,0,0,0,0,27146,0,27143,0,0
500000000,420,0,0,4.295817852020264,True,125000000,125000000,na,na,na,0,0,0,0,27146,0,27143,0,0
500000000,421,0,0,4.274130344390869,True,125000000,125000000,na,na,na,0,0,0,0,27146,0,27143,0,0
500000000,422,0,0,4.2827184200286865,True,125000000,125000000,na,na,na,0,0,0,0,27146,0,27143,0,0
500000000,423,0,0,4.297227144241333,True,125000000,125000000,na,na,na,0,0,0,0,27146,0,27143,0,0
500000000,424,0,0,4.279399394989014,True,125000000,125000000,na,na,na,0,0,0,0,27146,0,27143,0,0
500000000,425,0,0,4.312265396118164,True,125000000,125000000,na,na,na,0,0,0,0,27146,0,27143,0,0
500000000,426,0,0,4.274110794067383,True,125000000,125000000,na,na,na,0,0,0,0,27146,0,27143,0,0
500000000,427,0,0,4.3006932735443115,True,125000000,125000000,na,na,na,0,0,0,0,27146,0,27143,0,0
500000000,428,0,0,4.288657903671265,True,125000000,125000000,na,na,na,0,0,0,0,27146,0,27143,0,0
500000000,429,0,0,4.289159536361694,True,125000000,125000000,na,na,na,0,0,0,0,27146,0,27143,0,0
500000000,430,0,0,4.32029914855957,True,125000000,125000000,na,na,na,0,0,0,0,27146,0,27143,0,0
500000000,431,0,0,4.310672998428345,True,125000000,125000000,na,na,na,0,0,0,0,27146,0,27143,0,0
500000000,432,0,0,4.302691221237183,True,125000000,125000000,na,na,na,0,0,0,0,27146,0,27143,0,0
500000000,433,0,0,4.278326034545898,True,125000000,125000000,na,na,na,0,0,0,0,27146,0,27143,0,0
500000000,434,0,0,4.28616189956665,True,125000000,125000000,na,na,na,0,0,0,0,27146,0,27143,0,0
500000000,435,0,0,4.315629243850708,True,125000000,125000000,na,na,na,0,0,0,0,27146,0,27143,0,0
500000000,436,0,0,4.285831689834595,True,125000000,125000000,na,na,na,0,0,0,0,27146,0,27143,0,0
500000000,437,0,0,4.290240049362183,True,125000000,125000000,na,na,na,0,0,0,0,27146,0,27143,0,0
500000000,438,0,0,4.921746492385864,True,125000000,125000000,na,na,na,0,0,0,0,27146,0,27143,0,0
500000000,439,0,0,4.2790327072143555,True,125000000,125000000,na,na,na,0,0,0,0,27146,0,27143,0,0
500000000,440,0,0,4.301038026809692,True,125000000,125000000,na,na,na,0,0,0,0,27146,0,27143,0,0
500000000,441,0,0,4.293251991271973,True,125000000,125000000,na,na,na,0,0,0,0,27146,0,27143,0,0
500000000,442,0,0,4.268434286117554,True,125000000,125000000,na,na,na,0,0,0,0,27146,0,27143,0,0
500000000,443,0,0,4.301111459732056,True,125000000,125000000,na,na,na,0,0,0,0,27146,0,27143,0,0
500000000,444,0,0,4.285840749740601,True,125000000,125000000,na,na,na,0,0,0,0,27146,0,27143,0,0
500000000,445,0,0,4.291714906692505,True,125000000,125000000,na,na,na,0,0,0,0,27146,0,27143,0,0
500000000,446,0,0,4.286311388015747,True,125000000,125000000,na,na,na,0,0,0,0,27146,0,27143,0,0
500000000,447,0,0,4.291301250457764,True,125000000,125000000,na,na,na,0,0,0,0,27146,0,27143,0,0
500000000,448,0,0,4.301407337188721,True,125000000,125000000,na,na,na,0,0,0,0,27146,0,27143,0,0
500000000,449,0,0,4.290940761566162,True,125000000,125000000,na,na,na,0,0,0,0,27146,0,27143,0,0
500000000,450,0,0,4.287903070449829,True,125000000,125000000,na,na,na,0,0,0,0,27146,0,27143,0,0
500000000,451,0,0,4.306034803390503,True,125000000,125000000,na,na,na,0,0,0,0,27146,0,27143,0,0
500000000,452,0,0,4.283685922622681,True,125000000,125000000,na,na,na,0,0,0,0,27146,0,27143,0,0
500000000,453,0,0,4.290732383728027,True,125000000,125000000,na,na,na,0,0,0,0,27146,0,27143,0,0
500000000,454,0,0,4.288932800292969,True,125000000,125000000,na,na,na,0,0,0,0,27146,0,27143,0,0
500000000,455,0,0,4.287832260131836,True,125000000,125000000,na,na,na,0,0,0,0,27146,0,27143,0,0
500000000,456,0,0,4.304180860519409,True,125000000,125000000,na,na,na,0,0,0,0,27146,0,27143,0,0
500000000,457,0,0,4.29454493522644,True,125000000,125000000,na,na,na,0,0,0,0,27146,0,27143,0,0
500000000,458,0,0,4.307681083679199,True,125000000,125000000,na,na,na,0,0,0,0,27146,0,27143,0,0
500000000,459,0,0,4.288378477096558,True,125000000,125000000,na,na,na,0,0,0,0,27146,0,27143,0,0
500000000,460,0,0,4.284448623657227,True,125000000,125000000,na,na,na,0,0,0,0,27146,0,27143,0,0
500000000,461,0,0,4.2787182331085205,True,125000000,125000000,na,na,na,0,0,0,0,27146,0,27143,0,0
500000000,462,0,0,4.3114306926727295,True,125000000,125000000,na,na,na,0,0,0,0,27146,0,27143,0,0
500000000,463,0,0,4.286373615264893,True,125000000,125000000,na,na,na,0,0,0,0,27146,0,27143,0,0
500000000,464,0,0,4.294488906860352,True,125000000,125000000,na,na,na,0,0,0,0,27146,0,27143,0,0
500000000,465,0,0,4.390923976898193,True,125000000,125000000,na,na,na,0,0,0,0,27146,0,27143,0,0
500000000,466,0,0,4.315094709396362,True,125000000,125000000,na,na,na,0,0,0,0,27146,0,27143,0,0
500000000,467,0,0,4.3034751415252686,True,125000000,125000000,na,na,na,0,0,0,0,27146,0,27143,0,0
500000000,468,0,0,4.308091878890991,True,125000000,125000000,na,na,na,0,0,0,0,27146,0,27143,0,0
500000000,469,0,0,4.310763597488403,True,125000000,125000000,na,na,na,0,0,0,0,27146,0,27143,0,0
500000000,470,0,0,4.289552688598633,True,125000000,125000000,na,na,na,0,0,0,0,27146,0,27143,0,0
500000000,471,0,0,4.293372631072998,True,125000000,125000000,na,na,na,0,0,0,0,27146,0,27143,0,0
500000000,472,0,0,4.287655830383301,True,125000000,125000000,na,na,na,0,0,0,0,27146,0,27143,0,0
500000000,473,0,0,4.285071134567261,True,125000000,125000000,na,na,na,0,0,0,0,27146,0,27143,0,0
500000000,474,0,0,4.289318084716797,True,125000000,125000000,na,na,na,0,0,0,0,27146,0,27143,0,0
500000000,475,0,0,4.2886457443237305,True,125000000,125000000,na,na,na,0,0,0,0,27146,0,27143,0,0
500000000,476,0,0,4.291841506958008,True,125000000,125000000,na,na,na,0,0,0,0,27146,0,27143,0,0
500000000,477,0,0,4.28319787979126,True,125000000,125000000,na,na,na,0,0,0,0,27146,0,27143,0,0
500000000,478,0,0,4.306889057159424,True,125000000,125000000,na,na,na,0,0,0,0,27146,0,27143,0,0
500000000,479,0,0,4.289689540863037,True,125000000,125000000,na,na,na,0,0,0,0,27146,0,27143,0,0
500000000,480,0,0,4.291933298110962,True,125000000,125000000,na,na,na,0,0,0,0,27146,0,27143,0,0
500000000,481,0,0,4.290168285369873,True,125000000,125000000,na,na,na,0,0,0,0,27146,0,27143,0,0
500000000,482,0,0,4.286353826522827,True,125000000,125000000,na,na,na,0,0,0,0,27146,0,27143,0,0
500000000,483,0,0,4.301279067993164,True,125000000,125000000,na,na,na,0,0,0,0,27146,0,27143,0,0
500000000,484,0,0,4.2801995277404785,True,125000000,125000000,na,na,na,0,0,0,0,27146,0,27143,0,0
500000000,485,0,0,4.309965372085571,True,125000000,125000000,na,na,na,0,0,0,0,27146,0,27143,0,0
500000000,486,0,0,4.296014785766602,True,125000000,125000000,na,na,na,0,0,0,0,27146,0,27143,0,0
500000000,487,0,0,4.288272380828857,True,125000000,125000000,na,na,na,0,0,0,0,27146,0,27143,0,0
500000000,488,0,0,4.285015106201172,True,125000000,125000000,na,na,na,0,0,0,0,27146,0,27143,0,0
500000000,489,0,0,4.288989543914795,True,125000000,125000000,na,na,na,0,0,0,0,27146,0,27143,0,0
500000000,490,0,0,4.275343894958496,True,125000000,125000000,na,na,na,0,0,0,0,27146,0,27143,0,0
500000000,491,0,0,4.28403377532959,True,125000000,125000000,na,na,na,0,0,0,0,27146,0,27143,0,0
500000000,492,0,0,4.302765607833862,True,125000000,125000000,na,na,na,0,0,0,0,27146,0,27143,0,0
500000000,493,0,0,4.288782835006714,True,125000000,125000000,na,na,na,0,0,0,0,27146,0,27143,0,0
500000000,494,0,0,4.295979976654053,True,125000000,125000000,na,na,na,0,0,0,0,27146,0,27143,0,0
500000000,495,0,0,4.285879611968994,True,125000000,125000000,na,na,na,0,0,0,0,27146,0,27143,0,0
500000000,496,0,0,4.295648813247681,True,125000000,125000000,na,na,na,0,0,0,0,27146,0,27143,0,0
500000000,497,0,0,4.295452833175659,True,125000000,125000000,na,na,na,0,0,0,0,27146,0,27143,0,0
500000000,498,0,0,4.290332317352295,True,125000000,125000000,na,na,na,0,0,0,0,27146,0,27143,0,0
500000000,499,0,0,4.293752431869507,True,125000000,125000000,na,na,na,0,0,0,0,27146,0,27143,0,0
500000000,500,0,0,4.286430835723877,True,125000000,125000000,na,na,na,0,0,0,0,27146,0,27143,0,0
500000000,501,0,0,4.284951686859131,True,125000000,125000000,na,na,na,0,0,0,0,27146,0,27143,0,0
500000000,502,0,0,4.272484302520752,True,125000000,125000000,na,na,na,0,0,0,0,27146,0,27143,0,0
500000000,503,0,0,4.278954744338989,True,125000000,125000000,na,na,na,0,0,0,0,27146,0,27143,0,0
500000000,504,0,0,4.311256170272827,True,125000000,125000000,na,na,na,0,0,0,0,27146,0,27143,0,0
500000000,505,0,0,4.297689914703369,True,125000000,125000000,na,na,na,0,0,0,0,27146,0,27143,0,0
500000000,506,0,0,4.301330089569092,True,125000000,125000000,na,na,na,0,0,0,0,27146,0,27143,0,0
500000000,507,0,0,4.290160894393921,True,125000000,125000000,na,na,na,0,0,0,0,27146,0,27143,0,0
500000000,508,0,0,4.284651517868042,True,125000000,125000000,na,na,na,0,0,0,0,27146,0,27143,0,0
500000000,509,0,0,4.274673223495483,True,125000000,125000000,na,na,na,0,0,0,0,27146,0,27143,0,0
500000000,510,0,0,4.2924909591674805,True,125000000,125000000,na,na,na,0,0,0,0,27146,0,27143,0,0
500000000,511,0,0,5.265645980834961,True,125000000,125000000,na,na,na,0,0,0,0,27146,0,27143,0,0
500000000,512,0,0,4.296799421310425,True,125000000,125000000,na,na,na,0,0,0,0,27146,0,27143,0,0
500000000,513,0,0,4.30403995513916,True,125000000,125000000,na,na,na,0,0,0,0,27146,0,27143,0,0
500000000,514,0,0,4.298094034194946,True,125000000,125000000,na,na,na,0,0,0,0,27146,0,27143,0,0
500000000,515,0,0,4.283759355545044,True,125000000,125000000,na,na,na,0,0,0,0,27146,0,27143,0,0
500000000,516,0,0,4.3058717250823975,True,125000000,125000000,na,na,na,0,0,0,0,27146,0,27143,0,0
500000000,517,0,0,4.294396638870239,True,125000000,125000000,na,na,na,0,0,0,0,27146,0,27143,0,0
500000000,518,0,0,4.290501832962036,True,125000000,125000000,na,na,na,0,0,0,0,27146,0,27143,0,0
500000000,519,0,0,4.3060712814331055,True,125000000,125000000,na,na,na,0,0,0,0,27146,0,27143,0,0
500000000,520,0,0,4.3129565715789795,True,125000000,125000000,na,na,na,0,0,0,0,27146,0,27143,0,0
500000000,521,0,0,4.304070711135864,True,125000000,125000000,na,na,na,0,0,0,0,27146,0,27143,0,0
500000000,522,0,0,4.323281288146973,True,125000000,125000000,na,na,na,0,0,0,0,27146,0,27143,0,0
500000000,523,0,0,4.284785032272339,True,125000000,125000000,na,na,na,0,0,0,0,27146,0,27143,0,0
500000000,524,0,0,4.2797486782073975,True,125000000,125000000,na,na,na,0,0,0,0,27146,0,27143,0,0
500000000,525,0,0,4.309481382369995,True,125000000,125000000,na,na,na,0,0,0,0,27146,0,27143,0,0
500000000,526,0,0,4.290385484695435,True,125000000,125000000,na,na,na,0,0,0,0,27146,0,27143,0,0
500000000,527,0,0,4.295237064361572,True,125000000,125000000,na,na,na,0,0,0,0,27146,0,27143,0,0
500000000,528,0,0,4.313592195510864,True,125000000,125000000,na,na,na,0,0,0,0,27146,0,27143,0,0
500000000,529,0,0,4.291541337966919,True,125000000,125000000,na,na,na,0,0,0,0,27146,0,27143,0,0
500000000,530,0,0,4.271033763885498,True,125000000,125000000,na,na,na,0,0,0,0,27146,0,27143,0,0
500000000,531,0,0,4.293395757675171,True,125000000,125000000,na,na,na,0,0,0,0,27146,0,27143,0,0
500000000,532,0,0,4.28270411491394,True,125000000,125000000,na,na,na,0,0,0,0,27146,0,27143,0,0
500000000,533,0,0,4.280067205429077,True,125000000,125000000,na,na,na,0,0,0,0,27146,0,27143,0,0
500000000,534,0,0,4.297290086746216,True,125000000,125000000,na,na,na,0,0,0,0,27146,0,27143,0,0
500000000,535,0,0,4.287629127502441,True,125000000,125000000,na,na,na,0,0,0,0,27146,0,27143,0,0
500000000,536,0,0,4.287341594696045,True,125000000,125000000,na,na,na,0,0,0,0,27146,0,27143,0,0
500000000,537,0,0,4.3086700439453125,True,125000000,125000000,na,na,na,0,0,0,0,27146,0,27143,0,0
500000000,538,0,0,4.292301177978516,True,125000000,125000000,na,na,na,0,0,0,0,27146,0,27143,0,0
500000000,539,0,0,4.300677537918091,True,125000000,125000000,na,na,na,0,0,0,0,27146,0,27143,0,0
500000000,540,0,0,4.2935497760772705,True,125000000,125000000,na,na,na,0,0,0,0,27146,0,27143,0,0
500000000,541,0,0,4.310037612915039,True,125000000,125000000,na,na,na,0,0,0,0,27146,0,27143,0,0
500000000,542,0,0,5.692394971847534,True,125000000,125000000,na,na,na,0,0,0,0,27146,0,27143,0,0
500000000,543,0,0,9.940451860427856,True,125000000,125000000,na,na,na,0,0,0,0,27146,0,27143,0,0
500000000,544,0,0,4.304182291030884,True,125000000,125000000,na,na,na,0,0,0,0,27146,0,27143,0,0
500000000,545,0,0,4.3017418384552,True,125000000,125000000,na,na,na,0,0,0,0,27146,0,27143,0,0
500000000,546,0,0,4.280787944793701,True,125000000,125000000,na,na,na,0,0,0,0,27146,0,27143,0,0
500000000,547,0,0,4.277707576751709,True,125000000,125000000,na,na,na,0,0,0,0,27146,0,27143,0,0
500000000,548,0,0,4.286243677139282,True,125000000,125000000,na,na,na,0,0,0,0,27146,0,27143,0,0
500000000,549,0,0,4.291316747665405,True,125000000,125000000,na,na,na,0,0,0,0,27146,0,27143,0,0
500000000,550,0,0,4.291205406188965,True,125000000,125000000,na,na,na,0,0,0,0,27146,0,27143,0,0
500000000,551,0,0,4.284108638763428,True,125000000,125000000,na,na,na,0,0,0,0,27146,0,27143,0,0
500000000,552,0,0,4.294368505477905,True,125000000,125000000,na,na,na,0,0,0,0,27146,0,27143,0,0
500000000,553,0,0,4.29391884803772,True,125000000,125000000,na,na,na,0,0,0,0,27146,0,27143,0,0
500000000,554,0,0,4.273102521896362,True,125000000,125000000,na,na,na,0,0,0,0,27146,0,27143,0,0
500000000,555,0,0,4.282309055328369,True,125000000,125000000,na,na,na,0,0,0,0,27146,0,27143,0,0
500000000,556,0,0,4.27543306350708,True,125000000,125000000,na,na,na,0,0,0,0,27146,0,27143,0,0
500000000,557,0,0,4.289448976516724,True,125000000,125000000,na,na,na,0,0,0,0,27146,0,27143,0,0
500000000,558,0,0,4.273831367492676,True,125000000,125000000,na,na,na,0,0,0,0,27146,0,27143,0,0
500000000,559,0,0,4.279475212097168,True,125000000,125000000,na,na,na,0,0,0,0,27146,0,27143,0,0
500000000,560,0,0,4.2784059047698975,True,125000000,125000000,na,na,na,0,0,0,0,27146,0,27143,0,0
500000000,561,0,0,4.275202751159668,True,125000000,125000000,na,na,na,0,0,0,0,27146,0,27143,0,0
500000000,562,0,0,4.293271780014038,True,125000000,125000000,na,na,na,0,0,0,0,27146,0,27143,0,0
500000000,563,0,0,4.288346767425537,True,125000000,125000000,na,na,na,0,0,0,0,27146,0,27143,0,0
500000000,564,0,0,4.284191846847534,True,125000000,125000000,na,na,na,0,0,0,0,27146,0,27143,0,0
500000000,565,0,0,4.296222448348999,True,125000000,125000000,na,na,na,0,0,0,0,27146,0,27143,0,0
500000000,566,0,0,4.27997899055481,True,125000000,125000000,na,na,na,0,0,0,0,27146,0,27143,0,0
500000000,567,0,0,4.289439678192139,True,125000000,125000000,na,na,na,0,0,0,0,27146,0,27143,0,0
500000000,568,0,0,4.288633108139038,True,125000000,125000000,na,na,na,0,0,0,0,27146,0,27143,0,0
500000000,569,0,0,4.290115833282471,True,125000000,125000000,na,na,na,0,0,0,0,27146,0,27143,0,0
500000000,570,0,0,4.299793243408203,True,125000000,125000000,na,na,na,0,0,0,0,27146,0,27143,0,0
500000000,571,0,0,4.3086793422698975,True,125000000,125000000,na,na,na,0,0,0,0,27146,0,27143,0,0
500000000,572,0,0,4.297353744506836,True,125000000,125000000,na,na,na,0,0,0,0,27146,0,27143,0,0
500000000,573,0,0,4.278368234634399,True,125000000,125000000,na,na,na,0,0,0,0,27146,0,27143,0,0
500000000,574,0,0,4.289643049240112,True,125000000,125000000,na,na,na,0,0,0,0,27146,0,27143,0,0
500000000,575,0,0,4.279219388961792,True,125000000,125000000,na,na,na,0,0,0,0,27146,0,27143,0,0
500000000,576,0,0,4.282518625259399,True,125000000,125000000,na,na,na,0,0,0,0,27146,0,27143,0,0
500000000,577,0,0,4.295673131942749,True,125000000,125000000,na,na,na,0,0,0,0,27146,0,27143,0,0
500000000,578,0,0,4.3038671016693115,True,125000000,125000000,na,na,na,0,0,0,0,27146,0,27143,0,0
500000000,579,0,0,4.294402837753296,True,125000000,125000000,na,na,na,0,0,0,0,27146,0,27143,0,0
500000000,580,0,0,4.2955591678619385,True,125000000,125000000,na,na,na,0,0,0,0,27146,0,27143,0,0
500000000,581,0,0,4.288358926773071,True,125000000,125000000,na,na,na,0,0,0,0,27146,0,27143,0,0
500000000,582,0,0,4.299145698547363,True,125000000,125000000,na,na,na,0,0,0,0,27146,0,27143,0,0
500000000,583,0,0,4.302809238433838,True,125000000,125000000,na,na,na,0,0,0,0,27146,0,27143,0,0
500000000,584,0,0,4.308292627334595,True,125000000,125000000,na,na,na,0,0,0,0,27146,0,27143,0,0
500000000,585,0,0,4.292464256286621,True,125000000,125000000,na,na,na,0,0,0,0,27146,0,27143,0,0
500000000,586,0,0,4.284398794174194,True,125000000,125000000,na,na,na,0,0,0,0,27146,0,27143,0,0
500000000,587,0,0,4.285252332687378,True,125000000,125000000,na,na,na,0,0,0,0,27146,0,27143,0,0
500000000,588,0,0,4.282249927520752,True,125000000,125000000,na,na,na,0,0,0,0,27146,0,27143,0,0
500000000,589,0,0,4.2990312576293945,True,125000000,125000000,na,na,na,0,0,0,0,27146,0,27143,0,0
500000000,590,0,0,4.288830757141113,True,125000000,125000000,na,na,na,0,0,0,0,27146,0,27143,0,0
500000000,591,0,0,4.2885706424713135,True,125000000,125000000,na,na,na,0,0,0,0,27146,0,27143,0,0
500000000,592,0,0,4.3008646965026855,True,125000000,125000000,na,na,na,0,0,0,0,27146,0,27143,0,0
500000000,593,0,0,4.294341087341309,True,125000000,125000000,na,na,na,0,0,0,0,27146,0,27143,0,0
500000000,594,0,0,4.290560245513916,True,125000000,125000000,na,na,na,0,0,0,0,27146,0,27143,0,0
500000000,595,0,0,4.315715551376343,True,125000000,125000000,na,na,na,0,0,0,0,27146,0,27143,0,0
500000000,596,0,0,4.277899742126465,True,125000000,125000000,na,na,na,0,0,0,0,27146,0,27143,0,0
500000000,597,0,0,4.285552740097046,True,125000000,125000000,na,na,na,0,0,0,0,27146,0,27143,0,0
500000000,598,0,0,4.311793565750122,True,125000000,125000000,na,na,na,0,0,0,0,27146,0,27143,0,0
500000000,599,0,0,4.312952041625977,True,125000000,125000000,na,na,na,0,0,0,0,27146,0,27143,0,0
500000000,600,0,0,4.28904128074646,True,125000000,125000000,na,na,na,0,0,0,0,27146,0,27143,0,0
500000000,601,0,0,4.298934698104858,True,125000000,125000000,na,na,na,0,0,0,0,27146,0,27143,0,0
500000000,602,0,0,4.306687831878662,True,125000000,125000000,na,na,na,0,0,0,0,27146,0,27143,0,0
500000000,603,0,0,4.2791430950164795,True,125000000,125000000,na,na,na,0,0,0,0,27146,0,27143,0,0
500000000,604,0,0,4.292605638504028,True,125000000,125000000,na,na,na,0,0,0,0,27146,0,27143,0,0
500000000,605,0,0,4.295555353164673,True,125000000,125000000,na,na,na,0,0,0,0,27146,0,27143,0,0
500000000,606,0,0,4.301939964294434,True,125000000,125000000,na,na,na,0,0,0,0,27146,0,27143,0,0
500000000,607,0,0,4.282630443572998,True,125000000,125000000,na,na,na,0,0,0,0,27146,0,27143,0,0
500000000,608,0,0,4.307663679122925,True,125000000,125000000,na,na,na,0,0,0,0,27146,0,27143,0,0
500000000,609,0,0,4.29991340637207,True,125000000,125000000,na,na,na,0,0,0,0,27146,0,27143,0,0
500000000,610,0,0,4.278454780578613,True,125000000,125000000,na,na,na,0,0,0,0,27146,0,27143,0,0
500000000,611,0,0,4.296792984008789,True,125000000,125000000,na,na,na,0,0,0,0,27146,0,27143,0,0
500000000,612,0,0,4.321373701095581,True,125000000,125000000,na,na,na,0,0,0,0,27146,0,27143,0,0
500000000,613,0,0,4.289059162139893,True,125000000,125000000,na,na,na,0,0,0,0,27146,0,27143,0,0
500000000,614,0,0,4.287805795669556,True,125000000,125000000,na,na,na,0,0,0,0,27146,0,27143,0,0
500000000,615,0,0,4.286954879760742,True,125000000,125000000,na,na,na,0,0,0,0,27146,0,27143,0,0
500000000,616,0,0,4.279551267623901,True,125000000,125000000,na,na,na,0,0,0,0,27146,0,27143,0,0
500000000,617,0,0,4.284290790557861,True,125000000,125000000,na,na,na,0,0,0,0,27146,0,27143,0,0
500000000,618,0,0,4.290442705154419,True,125000000,125000000,na,na,na,0,0,0,0,27146,0,27143,0,0
500000000,619,0,0,4.291759490966797,True,125000000,125000000,na,na,na,0,0,0,0,27146,0,27143,0,0
500000000,620,0,0,4.324077606201172,True,125000000,125000000,na,na,na,0,0,0,0,27146,0,27143,0,0
500000000,621,0,0,4.296602964401245,True,125000000,125000000,na,na,na,0,0,0,0,27146,0,27143,0,0
500000000,622,0,0,4.275560140609741,True,125000000,125000000,na,na,na,0,0,0,0,27146,0,27143,0,0
500000000,623,0,0,4.290233850479126,True,125000000,125000000,na,na,na,0,0,0,0,27146,0,27143,0,0
500000000,624,0,0,4.288767099380493,True,125000000,125000000,na,na,na,0,0,0,0,27146,0,27143,0,0
500000000,625,0,0,4.284630537033081,True,125000000,125000000,na,na,na,0,0,0,0,27146,0,27143,0,0
500000000,626,0,0,4.291531562805176,True,125000000,125000000,na,na,na,0,0,0,0,27146,0,27143,0,0
500000000,627,0,0,4.302824258804321,True,125000000,125000000,na,na,na,0,0,0,0,27146,0,27143,0,0
500000000,628,0,0,4.294273376464844,True,125000000,125000000,na,na,na,0,0,0,0,27146,0,27143,0,0
500000000,629,0,0,4.310162782669067,True,125000000,125000000,na,na,na,0,0,0,0,27146,0,27143,0,0
500000000,630,0,0,4.303405284881592,True,125000000,125000000,na,na,na,0,0,0,0,27146,1,27143,0,0
500000000,631,0,0,4.292290449142456,True,125000000,125000000,na,na,na,0,0,0,0,27146,0,27143,0,0
500000000,632,0,0,4.290409088134766,True,125000000,125000000,na,na,na,0,0,0,0,27146,0,27143,0,0
500000000,633,0,0,4.305219411849976,True,125000000,125000000,na,na,na,0,0,0,0,27146,0,27143,0,0
500000000,634,0,0,4.300579786300659,True,125000000,125000000,na,na,na,0,0,0,0,27146,0,27143,0,0
500000000,635,0,0,4.305944204330444,True,125000000,125000000,na,na,na,0,0,0,0,27146,0,27143,0,0
500000000,636,0,0,4.275952577590942,True,125000000,125000000,na,na,na,0,0,0,0,27146,0,27143,0,0
500000000,637,0,0,4.329662799835205,True,125000000,125000000,na,na,na,0,0,0,0,27146,0,27143,0,0
500000000,638,0,0,6.377065181732178,True,125000000,125000000,na,na,na,0,0,0,0,27146,0,27143,0,0
500000000,639,0,0,4.288970947265625,True,125000000,125000000,na,na,na,0,0,0,0,27146,0,27143,0,0
500000000,640,0,0,4.274165868759155,True,125000000,125000000,na,na,na,0,0,0,0,27146,0,27143,0,0
500000000,641,0,0,4.294261932373047,True,125000000,125000000,na,na,na,0,0,0,0,27146,0,27143,0,0
500000000,642,0,0,4.293414831161499,True,125000000,125000000,na,na,na,0,0,0,0,27146,0,27143,0,0
500000000,643,0,0,4.273831367492676,True,125000000,125000000,na,na,na,0,0,0,0,27146,0,27143,0,0
500000000,644,0,0,4.294587135314941,True,125000000,125000000,na,na,na,0,0,0,0,27146,0,27143,0,0
500000000,645,0,0,4.2914111614227295,True,125000000,125000000,na,na,na,0,0,0,0,27146,0,27143,0,0
500000000,646,0,0,4.282939434051514,True,125000000,125000000,na,na,na,0,0,0,0,27146,0,27143,0,0
500000000,647,0,0,4.3173394203186035,True,125000000,125000000,na,na,na,0,0,0,0,27146,0,27143,0,0
500000000,648,0,0,4.282461643218994,True,125000000,125000000,na,na,na,0,0,0,0,27146,0,27143,0,0
500000000,649,0,0,4.2974395751953125,True,125000000,125000000,na,na,na,0,0,0,0,27146,0,27143,0,0
500000000,650,0,0,4.278857231140137,True,125000000,125000000,na,na,na,0,0,0,0,27146,0,27143,0,0
500000000,651,0,0,4.285944700241089,True,125000000,125000000,na,na,na,0,0,0,0,27146,0,27143,0,0
500000000,652,0,0,4.285154342651367,True,125000000,125000000,na,na,na,0,0,0,0,27146,0,27143,0,0
500000000,653,0,0,4.272745847702026,True,125000000,125000000,na,na,na,0,0,0,0,27146,0,27143,0,0
500000000,654,0,0,4.291585445404053,True,125000000,125000000,na,na,na,0,0,0,0,27146,0,27143,0,0
500000000,655,0,0,4.2754528522491455,True,125000000,125000000,na,na,na,0,0,0,0,27146,0,27143,0,0
500000000,656,0,0,4.307793378829956,True,125000000,125000000,na,na,na,0,0,0,0,27146,0,27143,0,0
500000000,657,0,0,4.295646667480469,True,125000000,125000000,na,na,na,0,0,0,0,27146,0,27143,0,0
500000000,658,0,0,4.301509141921997,True,125000000,125000000,na,na,na,0,0,0,0,27146,0,27143,0,0
500000000,659,0,0,4.306509733200073,True,125000000,125000000,na,na,na,0,0,0,0,27146,0,27143,0,0
500000000,660,0,0,4.309355020523071,True,125000000,125000000,na,na,na,0,0,0,0,27146,0,27143,0,0
500000000,661,0,0,4.291910648345947,True,125000000,125000000,na,na,na,0,0,0,0,27146,0,27143,0,0
500000000,662,0,0,4.292240619659424,True,125000000,125000000,na,na,na,0,0,0,0,27146,0,27143,0,0
500000000,663,0,0,4.3047308921813965,True,125000000,125000000,na,na,na,0,0,0,0,27146,0,27143,0,0
500000000,664,0,0,4.2882630825042725,True,125000000,125000000,na,na,na,0,0,0,0,27146,0,27143,0,0
500000000,665,0,0,4.293020963668823,True,125000000,125000000,na,na,na,0,0,0,0,27146,0,27143,0,0
500000000,666,0,0,4.2768566608428955,True,125000000,125000000,na,na,na,0,0,0,0,27146,0,27143,0,0
500000000,667,0,0,4.28220796585083,True,125000000,125000000,na,na,na,0,0,0,0,27146,0,27143,0,0
500000000,668,0,0,4.292863845825195,True,125000000,125000000,na,na,na,0,0,0,0,27146,0,27143,0,0
500000000,669,0,0,4.274290561676025,True,125000000,125000000,na,na,na,0,0,0,0,27146,0,27143,0,0
500000000,670,0,0,4.295701503753662,True,125000000,125000000,na,na,na,0,0,0,0,27146,0,27143,0,0
500000000,671,0,0,4.291659832000732,True,125000000,125000000,na,na,na,0,0,0,0,27146,0,27143,0,0
500000000,672,0,0,4.294999837875366,True,125000000,125000000,na,na,na,0,0,0,0,27146,0,27143,0,0
500000000,673,0,0,4.290091037750244,True,125000000,125000000,na,na,na,0,0,0,0,27146,0,27143,0,0
500000000,674,0,0,4.289731979370117,True,125000000,125000000,na,na,na,0,0,0,0,27146,0,27143,0,0
500000000,675,0,0,4.535376071929932,True,125000000,125000000,na,na,na,0,0,0,0,27146,0,27143,0,0
500000000,676,0,0,4.290048122406006,True,125000000,125000000,na,na,na,0,0,0,0,27146,0,27143,0,0
500000000,677,0,0,4.300340414047241,True,125000000,125000000,na,na,na,0,0,0,0,27146,0,27143,0,0
500000000,678,0,0,4.311379432678223,True,125000000,125000000,na,na,na,0,0,0,0,27146,0,27143,0,0
500000000,679,0,0,4.285405874252319,True,125000000,125000000,na,na,na,0,0,0,0,27146,0,27143,0,0
500000000,680,0,0,4.292336940765381,True,125000000,125000000,na,na,na,0,0,0,0,27146,0,27143,0,0
500000000,681,0,0,4.293825149536133,True,125000000,125000000,na,na,na,0,0,0,0,27146,0,27143,0,0
500000000,682,0,0,4.307519912719727,True,125000000,125000000,na,na,na,0,0,0,0,27146,0,27143,0,0
500000000,683,0,0,4.317842245101929,True,125000000,125000000,na,na,na,0,0,0,0,27146,0,27143,0,0
500000000,684,0,0,4.283519744873047,True,125000000,125000000,na,na,na,0,0,0,0,27146,0,27143,0,0
500000000,685,0,0,4.29373574256897,True,125000000,125000000,na,na,na,0,0,0,0,27146,0,27143,0,0
500000000,686,0,0,4.282446622848511,True,125000000,125000000,na,na,na,0,0,0,0,27146,0,27143,0,0
500000000,687,0,0,4.289195537567139,True,125000000,125000000,na,na,na,0,0,0,0,27146,0,27143,0,0
500000000,688,0,0,4.305474281311035,True,125000000,125000000,na,na,na,0,0,0,0,27146,0,27143,0,0
500000000,689,0,0,4.284691333770752,True,125000000,125000000,na,na,na,0,0,0,0,27146,0,27143,0,0
500000000,690,0,0,4.294432163238525,True,125000000,125000000,na,na,na,0,0,0,0,27146,0,27143,0,0
500000000,691,0,0,4.310411214828491,True,125000000,125000000,na,na,na,0,0,0,0,27146,0,27143,0,0
500000000,692,0,0,4.280629873275757,True,125000000,125000000,na,na,na,0,0,0,0,27146,0,27143,0,0
500000000,693,0,0,4.28640079498291,True,125000000,125000000,na,na,na,0,0,0,0,27146,0,27143,0,0
500000000,694,0,0,4.295144557952881,True,125000000,125000000,na,na,na,0,0,0,0,27146,0,27143,0,0
500000000,695,0,0,4.322069406509399,True,125000000,125000000,na,na,na,0,0,0,0,27146,0,27143,0,0
500000000,696,0,0,5.295980215072632,True,125000000,125000000,na,na,na,0,0,0,0,27146,0,27143,0,0
500000000,697,0,0,4.301901578903198,True,125000000,125000000,na,na,na,0,0,0,0,27146,0,27143,0,0
500000000,698,0,0,5.391869306564331,True,125000000,125000000,na,na,na,0,0,0,0,27146,0,27143,0,0
500000000,699,0,0,4.3033764362335205,True,125000000,125000000,na,na,na,0,0,0,0,27146,0,27143,0,0
500000000,700,0,0,4.271400451660156,True,125000000,125000000,na,na,na,0,0,0,0,27146,0,27143,0,0
500000000,701,0,0,4.300426006317139,True,125000000,125000000,na,na,na,0,0,0,0,27146,0,27143,0,0
500000000,702,0,0,4.3024187088012695,True,125000000,125000000,na,na,na,0,0,0,0,27146,0,27143,0,0
500000000,703,0,0,4.292546272277832,True,125000000,125000000,na,na,na,0,0,0,0,27146,0,27143,0,0
500000000,704,0,0,4.217404127120972,True,125000000,125000000,na,na,na,0,0,0,0,27146,0,27143,0,0
500000000,705,0,0,4.274268865585327,True,125000000,125000000,na,na,na,0,0,0,0,27146,0,27143,0,0
500000000,706,0,0,4.265608072280884,True,125000000,125000000,na,na,na,0,0,0,0,27146,0,27143,0,0
500000000,707,0,0,4.289710521697998,True,125000000,125000000,na,na,na,0,0,0,0,27146,0,27143,0,0
500000000,708,0,0,4.286452531814575,True,125000000,125000000,na,na,na,0,0,0,0,27146,0,27143,0,0
500000000,709,0,0,4.907217979431152,True,125000000,125000000,na,na,na,0,0,0,0,27146,0,27143,0,0
500000000,710,0,0,4.298481702804565,True,125000000,125000000,na,na,na,0,0,0,0,27146,0,27143,0,0
500000000,711,0,0,4.30004358291626,True,125000000,125000000,na,na,na,0,0,0,0,27146,0,27143,0,0
500000000,712,0,0,4.315200090408325,True,125000000,125000000,na,na,na,0,0,0,0,27146,0,27143,0,0
500000000,713,0,0,4.28891658782959,True,125000000,125000000,na,na,na,0,0,0,0,27146,0,27143,0,0
500000000,714,0,0,4.297709703445435,True,125000000,125000000,na,na,na,0,0,0,0,27146,0,27143,0,0
500000000,715,0,0,4.291753530502319,True,125000000,125000000,na,na,na,0,0,0,0,27146,0,27143,0,0
500000000,716,0,0,4.297974586486816,True,125000000,125000000,na,na,na,0,0,0,0,27146,0,27143,0,0
500000000,717,0,0,4.306399822235107,True,125000000,125000000,na,na,na,0,0,0,0,27146,0,27143,0,0
500000000,718,0,0,4.2964677810668945,True,125000000,125000000,na,na,na,0,0,0,0,27146,0,27143,0,0
500000000,719,0,0,4.278545141220093,True,125000000,125000000,na,na,na,0,0,0,0,27146,0,27143,0,0
500000000,720,0,0,4.282425165176392,True,125000000,125000000,na,na,na,0,0,0,0,27146,0,27143,0,0
500000000,721,0,0,4.288510084152222,True,125000000,125000000,na,na,na,0,0,0,0,27146,0,27143,0,0
500000000,722,0,0,4.291473150253296,True,125000000,125000000,na,na,na,0,0,0,0,27146,0,27143,0,0
500000000,723,0,0,4.273767948150635,True,125000000,125000000,na,na,na,0,0,0,0,27146,0,27143,0,0
500000000,724,0,0,4.309645891189575,True,125000000,125000000,na,na,na,0,0,0,0,27146,0,27143,0,0
500000000,725,0,0,4.29056978225708,True,125000000,125000000,na,na,na,0,0,0,0,27146,0,27143,0,0
500000000,726,0,0,4.2973222732543945,True,125000000,125000000,na,na,na,0,0,0,0,27146,0,27143,0,0
500000000,727,0,0,4.28563117980957,True,125000000,125000000,na,na,na,0,0,0,0,27146,0,27143,0,0
500000000,728,0,0,4.304353713989258,True,125000000,125000000,na,na,na,0,0,0,0,27146,0,27143,0,0
500000000,729,0,0,4.287052869796753,True,125000000,125000000,na,na,na,0,0,0,0,27146,0,27143,0,0
500000000,730,0,0,4.294696807861328,True,125000000,125000000,na,na,na,0,0,0,0,27146,0,27143,0,0
500000000,731,0,0,4.28352165222168,True,125000000,125000000,na,na,na,0,0,0,0,27146,0,27143,0,0
500000000,732,0,0,4.279541254043579,True,125000000,125000000,na,na,na,0,0,0,0,27146,0,27143,0,0
500000000,733,0,0,4.290685653686523,True,125000000,125000000,na,na,na,0,0,0,0,27146,0,27143,0,0
500000000,734,0,0,4.290752172470093,True,125000000,125000000,na,na,na,0,0,0,0,27146,0,27143,0,0
500000000,735,0,0,4.289496898651123,True,125000000,125000000,na,na,na,0,0,0,0,27146,0,27143,0,0
500000000,736,0,0,4.306027412414551,True,125000000,125000000,na,na,na,0,0,0,0,27146,0,27143,0,0
500000000,737,0,0,4.300790786743164,True,125000000,125000000,na,na,na,0,0,0,0,27146,0,27143,0,0
500000000,738,0,0,4.296734094619751,True,125000000,125000000,na,na,na,0,0,0,0,27146,0,27143,0,0
500000000,739,0,0,4.290826082229614,True,125000000,125000000,na,na,na,0,0,0,0,27146,0,27143,0,0
500000000,740,0,0,4.322869300842285,True,125000000,125000000,na,na,na,0,0,0,0,27146,0,27143,0,0
500000000,741,0,0,4.30651593208313,True,125000000,125000000,na,na,na,0,0,0,0,27146,0,27143,0,0
500000000,742,0,0,4.324139595031738,True,125000000,125000000,na,na,na,0,0,0,0,27146,0,27143,0,0
500000000,743,0,0,4.718261003494263,True,125000000,125000000,na,na,na,0,0,0,0,27146,0,27143,0,0
500000000,744,0,0,4.291674613952637,True,125000000,125000000,na,na,na,0,0,0,0,27146,0,27143,0,0
500000000,745,0,0,4.282843112945557,True,125000000,125000000,na,na,na,0,0,0,0,27146,0,27143,0,0
500000000,746,0,0,4.287741661071777,True,125000000,125000000,na,na,na,0,0,0,0,27146,0,27143,0,0
500000000,747,0,0,4.299178123474121,True,125000000,125000000,na,na,na,0,0,0,0,27146,0,27143,0,0
500000000,748,0,0,4.318751811981201,True,125000000,125000000,na,na,na,0,0,0,0,27146,0,27143,0,0
500000000,749,0,0,4.277790546417236,True,125000000,125000000,na,na,na,0,0,0,0,27146,0,27143,0,0
500000000,750,0,0,4.282429456710815,True,125000000,125000000,na,na,na,0,0,0,0,27146,0,27143,0,0
500000000,751,0,0,4.295506000518799,True,125000000,125000000,na,na,na,0,0,0,0,27146,0,27143,0,0
500000000,752,0,0,4.29774284362793,True,125000000,125000000,na,na,na,0,0,0,0,27146,0,27143,0,0
500000000,753,0,0,4.262695789337158,True,125000000,125000000,na,na,na,0,0,0,0,27146,0,27143,0,0
500000000,754,0,0,4.281700849533081,True,125000000,125000000,na,na,na,0,0,0,0,27146,0,27143,0,0
500000000,755,0,0,4.277827262878418,True,125000000,125000000,na,na,na,0,0,0,0,27146,0,27143,0,0
500000000,756,0,0,4.279815196990967,True,125000000,125000000,na,na,na,0,0,0,0,27146,0,27143,0,0
500000000,757,0,0,4.308946371078491,True,125000000,125000000,na,na,na,0,0,0,0,27146,0,27143,0,0
500000000,758,0,0,4.287919521331787,True,125000000,125000000,na,na,na,0,0,0,0,27146,0,27143,0,0
500000000,759,0,0,4.295324325561523,True,125000000,125000000,na,na,na,0,0,0,0,27146,0,27143,0,0
500000000,760,0,0,4.895495414733887,True,125000000,125000000,na,na,na,0,0,0,0,27146,0,27143,0,0
500000000,761,0,0,4.291480779647827,True,125000000,125000000,na,na,na,0,0,0,0,27146,0,27143,0,0
500000000,762,0,0,4.856330633163452,True,125000000,125000000,na,na,na,0,0,0,0,27146,0,27143,0,0
500000000,763,0,0,4.189961671829224,True,125000000,125000000,na,na,na,0,0,0,0,27146,0,27143,0,0
500000000,764,0,0,4.1989076137542725,True,125000000,125000000,na,na,na,0,0,0,0,27146,0,27143,0,0
500000000,765,0,0,4.19571852684021,True,125000000,125000000,na,na,na,0,0,0,0,27146,0,27143,0,0
500000000,766,0,0,4.1994428634643555,True,125000000,125000000,na,na,na,0,0,0,0,27146,0,27143,0,0
500000000,767,0,0,4.186335802078247,True,125000000,125000000,na,na,na,0,0,0,0,27146,0,27143,0,0
500000000,768,0,0,4.190800666809082,True,125000000,125000000,na,na,na,0,0,0,0,27146,0,27143,0,0
500000000,769,0,0,4.199495792388916,True,125000000,125000000,na,na,na,0,0,0,0,27146,0,27143,0,0
500000000,770,0,0,4.211448431015015,True,125000000,125000000,na,na,na,0,0,0,0,27146,0,27143,0,0
500000000,771,0,0,4.19249153137207,True,125000000,125000000,na,na,na,0,0,0,0,27146,0,27143,0,0
500000000,772,0,0,4.191215991973877,True,125000000,125000000,na,na,na,0,0,0,0,27146,0,27143,0,0
500000000,773,0,0,4.203437328338623,True,125000000,125000000,na,na,na,0,0,0,0,27146,0,27143,0,0
500000000,774,0,0,4.193847179412842,True,125000000,125000000,na,na,na,0,0,0,0,27146,0,27143,0,0
500000000,775,0,0,4.2697365283966064,True,125000000,125000000,na,na,na,0,0,0,0,27146,0,27143,0,0
500000000,776,0,0,4.283340930938721,True,125000000,125000000,na,na,na,0,0,0,0,27146,0,27143,0,0
500000000,777,0,0,4.2789483070373535,True,125000000,125000000,na,na,na,0,0,0,0,27146,0,27143,0,0
500000000,778,0,0,4.29253077507019,True,125000000,125000000,na,na,na,0,0,0,0,27146,0,27143,0,0
500000000,779,0,0,4.297720670700073,True,125000000,125000000,na,na,na,0,0,0,0,27146,0,27143,0,0
500000000,780,0,0,4.29122257232666,True,125000000,125000000,na,na,na,0,0,0,0,27146,0,27143,0,0
500000000,781,0,0,4.282763242721558,True,125000000,125000000,na,na,na,0,0,0,0,27146,0,27143,0,0
500000000,782,0,0,4.302066087722778,True,125000000,125000000,na,na,na,0,0,0,0,27146,0,27143,0,0
500000000,783,0,0,4.2855143547058105,True,125000000,125000000,na,na,na,0,0,0,0,27146,0,27143,0,0
500000000,784,0,0,4.287482738494873,True,125000000,125000000,na,na,na,0,0,0,0,27146,0,27143,0,0
500000000,785,0,0,4.285449028015137,True,125000000,125000000,na,na,na,0,0,0,0,27146,0,27143,0,0
500000000,786,0,0,4.304954290390015,True,125000000,125000000,na,na,na,0,0,0,0,27146,0,27143,0,0
500000000,787,0,0,4.323392391204834,True,125000000,125000000,na,na,na,0,0,0,0,27146,0,27143,0,0
500000000,788,0,0,4.312875509262085,True,125000000,125000000,na,na,na,0,0,0,0,27146,0,27143,0,0
500000000,789,0,0,4.286916732788086,True,125000000,125000000,na,na,na,0,0,0,0,27146,0,27143,0,0
500000000,790,0,0,4.30830979347229,True,125000000,125000000,na,na,na,0,0,0,0,27146,0,27143,0,0
500000000,791,0,0,4.303809881210327,True,125000000,125000000,na,na,na,0,0,0,0,27146,0,27143,0,0
500000000,792,0,0,4.298095464706421,True,125000000,125000000,na,na,na,0,0,0,0,27146,0,27143,0,0
500000000,793,0,0,4.311597108840942,True,125000000,125000000,na,na,na,0,0,0,0,27146,0,27143,0,0
500000000,794,0,0,4.300441265106201,True,125000000,125000000,na,na,na,0,0,0,0,27146,0,27143,0,0
500000000,795,0,0,4.287289142608643,True,125000000,125000000,na,na,na,0,0,0,0,27146,0,27143,0,0
500000000,796,0,0,4.294545650482178,True,125000000,125000000,na,na,na,0,0,0,0,27146,0,27143,0,0
500000000,797,0,0,4.302570104598999,True,125000000,125000000,na,na,na,0,0,0,0,27146,0,27143,0,0
500000000,798,0,0,4.295518398284912,True,125000000,125000000,na,na,na,0,0,0,0,27146,0,27143,0,0
500000000,799,0,0,4.2820563316345215,True,125000000,125000000,na,na,na,0,0,0,0,27146,0,27143,0,0
500000000,800,0,0,4.279358148574829,True,125000000,125000000,na,na,na,0,0,0,0,27146,0,27143,0,0
500000000,801,0,0,4.3139965534210205,True,125000000,125000000,na,na,na,0,0,0,0,27146,0,27143,0,0
500000000,802,0,0,4.288418769836426,True,125000000,125000000,na,na,na,0,0,0,0,27146,0,27143,0,0
500000000,803,0,0,4.279404163360596,True,125000000,125000000,na,na,na,0,0,0,0,27146,0,27143,0,0
500000000,804,0,0,4.295950412750244,True,125000000,125000000,na,na,na,0,0,0,0,27146,0,27143,0,0
500000000,805,0,0,5.1134161949157715,True,125000000,125000000,na,na,na,0,0,0,0,27146,0,27143,0,0
500000000,806,0,0,4.296253204345703,True,125000000,125000000,na,na,na,0,0,0,0,27146,0,27143,0,0
500000000,807,0,0,4.282048463821411,True,125000000,125000000,na,na,na,0,0,0,0,27146,0,27143,0,0
500000000,808,0,0,4.319904565811157,True,125000000,125000000,na,na,na,0,0,0,0,27146,0,27143,0,0
500000000,809,0,0,4.285269498825073,True,125000000,125000000,na,na,na,0,0,0,0,27146,0,27143,0,0
500000000,810,0,0,10.95957064628601,True,125000000,125000000,na,na,na,0,0,0,0,27146,0,27143,0,0
500000000,811,0,0,4.327054738998413,True,125000000,125000000,na,na,na,0,0,0,0,27146,0,27143,0,0
500000000,812,0,0,4.299829721450806,True,125000000,125000000,na,na,na,0,0,0,0,27146,0,27143,0,0
500000000,813,0,0,4.283393859863281,True,125000000,125000000,na,na,na,0,0,0,0,27146,0,27143,0,0
500000000,814,0,0,4.31238055229187,True,125000000,125000000,na,na,na,0,0,0,0,27146,0,27143,0,0
500000000,815,0,0,4.279347658157349,True,125000000,125000000,na,na,na,0,0,0,0,27146,0,27143,0,0
500000000,816,0,0,4.286379337310791,True,125000000,125000000,na,na,na,0,0,0,0,27146,0,27143,0,0
500000000,817,0,0,4.306169271469116,True,125000000,125000000,na,na,na,0,0,0,0,27146,0,27143,0,0
500000000,818,0,0,4.305539608001709,True,125000000,125000000,na,na,na,0,0,0,0,27146,0,27143,0,0
500000000,819,0,0,4.307854413986206,True,125000000,125000000,na,na,na,0,0,0,0,27146,0,27143,0,0
500000000,820,0,0,4.286291837692261,True,125000000,125000000,na,na,na,0,0,0,0,27146,0,27143,0,0
500000000,821,0,0,4.3052818775177,True,125000000,125000000,na,na,na,0,0,0,0,27146,0,27143,0,0
500000000,822,0,0,4.316745042800903,True,125000000,125000000,na,na,na,0,0,0,0,27146,0,27143,0,0
500000000,823,0,0,4.308717966079712,True,125000000,125000000,na,na,na,0,0,0,0,27146,0,27143,0,0
500000000,824,0,0,4.285094976425171,True,125000000,125000000,na,na,na,0,0,0,0,27146,0,27143,0,0
500000000,825,0,0,4.291275262832642,True,125000000,125000000,na,na,na,0,0,0,0,27146,0,27143,0,0
500000000,826,0,0,4.303342342376709,True,125000000,125000000,na,na,na,0,0,0,0,27146,0,27143,0,0
500000000,827,0,0,4.305197238922119,True,125000000,125000000,na,na,na,0,0,0,0,27146,0,27143,0,0
500000000,828,0,0,6.735528230667114,True,125000000,125000000,na,na,na,0,0,0,0,27146,0,27143,0,0
500000000,829,0,0,4.291861534118652,True,125000000,125000000,na,na,na,0,0,0,0,27146,0,27143,0,0
500000000,830,0,0,4.300752878189087,True,125000000,125000000,na,na,na,0,0,0,0,27146,0,27143,0,0
500000000,831,0,0,4.287075042724609,True,125000000,125000000,na,na,na,0,0,0,0,27146,0,27143,0,0
500000000,832,0,0,4.282234191894531,True,125000000,125000000,na,na,na,0,0,0,0,27146,0,27143,0,0
500000000,833,0,0,4.320491075515747,True,125000000,125000000,na,na,na,0,0,0,0,27146,0,27143,0,0
500000000,834,0,0,4.288424968719482,True,125000000,125000000,na,na,na,0,0,0,0,27146,0,27143,0,0
500000000,835,0,0,4.293843746185303,True,125000000,125000000,na,na,na,0,0,0,0,27146,0,27143,0,0
500000000,836,0,0,4.293097496032715,True,125000000,125000000,na,na,na,0,0,0,0,27146,0,27143,0,0
500000000,837,0,0,4.289271116256714,True,125000000,125000000,na,na,na,0,0,0,0,27146,0,27143,0,0
500000000,838,0,0,4.302653551101685,True,125000000,125000000,na,na,na,0,0,0,0,27146,0,27143,0,0
500000000,839,0,0,4.303523778915405,True,125000000,125000000,na,na,na,0,0,0,0,27146,0,27143,0,0
500000000,840,0,0,4.290257930755615,True,125000000,125000000,na,na,na,0,0,0,0,27146,0,27143,0,0
500000000,841,0,0,4.287450313568115,True,125000000,125000000,na,na,na,0,0,0,0,27146,0,27143,0,0
500000000,842,0,0,4.290196418762207,True,125000000,125000000,na,na,na,0,0,0,0,27146,0,27143,0,0
500000000,843,0,0,4.305627346038818,True,125000000,125000000,na,na,na,0,0,0,0,27146,0,27143,0,0
500000000,844,0,0,4.316826581954956,True,125000000,125000000,na,na,na,0,0,0,0,27146,0,27143,0,0
500000000,845,0,0,4.2694995403289795,True,125000000,125000000,na,na,na,0,0,0,0,27146,0,27143,0,0
500000000,846,0,0,4.298279285430908,True,125000000,125000000,na,na,na,0,0,0,0,27146,0,27143,0,0
500000000,847,0,0,4.299634695053101,True,125000000,125000000,na,na,na,0,0,0,0,27146,0,27143,0,0
500000000,848,0,0,4.288827657699585,True,125000000,125000000,na,na,na,0,0,0,0,27146,0,27143,0,0
500000000,849,0,0,4.292055368423462,True,125000000,125000000,na,na,na,0,0,0,0,27146,0,27143,0,0
500000000,850,0,0,4.302739858627319,True,125000000,125000000,na,na,na,0,0,0,0,27146,0,27143,0,0
500000000,851,0,0,4.281764268875122,True,125000000,125000000,na,na,na,0,0,0,0,27146,0,27143,0,0
500000000,852,0,0,4.28234601020813,True,125000000,125000000,na,na,na,0,0,0,0,27146,0,27143,0,0
500000000,853,0,0,4.289181232452393,True,125000000,125000000,na,na,na,0,0,0,0,27146,0,27143,0,0
500000000,854,0,0,4.284976005554199,True,125000000,125000000,na,na,na,0,0,0,0,27146,0,27143,0,0
500000000,855,0,0,4.287531614303589,True,125000000,125000000,na,na,na,0,0,0,0,27146,0,27143,0,0
500000000,856,0,0,4.2964887619018555,True,125000000,125000000,na,na,na,0,0,0,0,27146,0,27143,0,0
500000000,857,0,0,4.285720109939575,True,125000000,125000000,na,na,na,0,0,0,0,27146,0,27143,0,0
500000000,858,0,0,4.287158489227295,True,125000000,125000000,na,na,na,0,0,0,0,27146,0,27143,0,0
500000000,859,0,0,4.322591304779053,True,125000000,125000000,na,na,na,0,0,0,0,27146,0,27143,0,0
500000000,860,0,0,4.282650947570801,True,125000000,125000000,na,na,na,0,0,0,0,27146,0,27143,0,0
500000000,861,0,0,4.296594619750977,True,125000000,125000000,na,na,na,0,0,0,0,27146,0,27143,0,0
500000000,862,0,0,4.284713983535767,True,125000000,125000000,na,na,na,0,0,0,0,27146,0,27143,0,0
500000000,863,0,0,4.9831273555755615,True,125000000,125000000,na,na,na,0,0,0,0,27146,0,27143,0,0
500000000,864,0,0,4.308199405670166,True,125000000,125000000,na,na,na,0,0,0,0,27146,0,27143,0,0
500000000,865,0,0,4.288960218429565,True,125000000,125000000,na,na,na,0,0,0,0,27146,0,27143,0,0
500000000,866,0,0,4.281991958618164,True,125000000,125000000,na,na,na,0,0,0,0,27146,0,27143,0,0
500000000,867,0,0,4.277498006820679,True,125000000,125000000,na,na,na,0,0,0,0,27146,0,27143,0,0
500000000,868,0,0,4.297181844711304,True,125000000,125000000,na,na,na,0,0,0,0,27146,0,27143,0,0
500000000,869,0,0,4.297205924987793,True,125000000,125000000,na,na,na,0,0,0,0,27146,0,27143,0,0
500000000,870,0,0,4.313900947570801,True,125000000,125000000,na,na,na,0,0,0,0,27146,0,27143,0,0
500000000,871,0,0,4.285888195037842,True,125000000,125000000,na,na,na,0,0,0,0,27146,0,27143,0,0
500000000,872,0,0,4.289520740509033,True,125000000,125000000,na,na,na,0,0,0,0,27146,0,27143,0,0
500000000,873,0,0,4.308513402938843,True,125000000,125000000,na,na,na,0,0,0,0,27146,0,27143,0,0
500000000,874,0,0,4.280718564987183,True,125000000,125000000,na,na,na,0,0,0,0,27146,0,27143,0,0
500000000,875,0,0,4.280285835266113,True,125000000,125000000,na,na,na,0,0,0,0,27146,0,27143,0,0
500000000,876,0,0,4.287450313568115,True,125000000,125000000,na,na,na,0,0,0,0,27146,0,27143,0,0
500000000,877,0,0,4.2812347412109375,True,125000000,125000000,na,na,na,0,0,0,0,27146,0,27143,0,0
500000000,878,0,0,4.305776119232178,True,125000000,125000000,na,na,na,0,0,0,0,27146,0,27143,0,0
500000000,879,0,0,4.309543132781982,True,125000000,125000000,na,na,na,0,0,0,0,27146,0,27143,0,0
500000000,880,0,0,4.277543544769287,True,125000000,125000000,na,na,na,0,0,0,0,27146,0,27143,0,0
500000000,881,0,0,4.28704047203064,True,125000000,125000000,na,na,na,0,0,0,0,27146,0,27143,0,0
500000000,882,0,0,4.276546955108643,True,125000000,125000000,na,na,na,0,0,0,0,27146,0,27143,0,0
500000000,883,0,0,4.288687705993652,True,125000000,125000000,na,na,na,0,0,0,0,27146,0,27143,0,0
500000000,884,0,0,4.28555965423584,True,125000000,125000000,na,na,na,0,0,0,0,27146,0,27143,0,0
500000000,885,0,0,4.2973973751068115,True,125000000,125000000,na,na,na,0,0,0,0,27146,0,27143,0,0
500000000,886,0,0,4.297466278076172,True,125000000,125000000,na,na,na,0,0,0,0,27146,0,27143,0,0
500000000,887,0,0,4.301921606063843,True,125000000,125000000,na,na,na,0,0,0,0,27146,0,27143,0,0
500000000,888,0,0,4.27654767036438,True,125000000,125000000,na,na,na,0,0,0,0,27146,0,27143,0,0
500000000,889,0,0,4.285692930221558,True,125000000,125000000,na,na,na,0,0,0,0,27146,0,27143,0,0
500000000,890,0,0,4.600004196166992,True,125000000,125000000,na,na,na,0,0,0,0,27146,0,27143,0,0
500000000,891,0,0,4.292339324951172,True,125000000,125000000,na,na,na,0,0,0,0,27146,0,27143,0,0
500000000,892,0,0,4.295330762863159,True,125000000,125000000,na,na,na,0,0,0,0,27146,0,27143,0,0
500000000,893,0,0,4.293500900268555,True,125000000,125000000,na,na,na,0,0,0,0,27146,0,27143,0,0
500000000,894,0,0,4.2977988719940186,True,125000000,125000000,na,na,na,0,0,0,0,27146,0,27143,0,0
500000000,895,0,0,4.294999599456787,True,125000000,125000000,na,na,na,0,0,0,0,27146,0,27143,0,0
500000000,896,0,0,4.291272878646851,True,125000000,125000000,na,na,na,0,0,0,0,27146,0,27143,0,0
500000000,897,0,0,4.286970615386963,True,125000000,125000000,na,na,na,0,0,0,0,27146,0,27143,0,0
500000000,898,0,0,4.29225492477417,True,125000000,125000000,na,na,na,0,0,0,0,27146,0,27143,0,0
500000000,899,0,0,4.30637264251709,True,125000000,125000000,na,na,na,0,0,0,0,27146,0,27143,0,0
500000000,900,0,0,4.29281210899353,True,125000000,125000000,na,na,na,0,0,0,0,27146,0,27143,0,0
500000000,901,0,0,4.283836603164673,True,125000000,125000000,na,na,na,0,0,0,0,27146,0,27143,0,0
500000000,902,0,0,4.2939629554748535,True,125000000,125000000,na,na,na,0,0,0,0,27146,0,27143,0,0
500000000,903,0,0,4.285976409912109,True,125000000,125000000,na,na,na,0,0,0,0,27146,0,27143,0,0
500000000,904,0,0,4.289032220840454,True,125000000,125000000,na,na,na,0,0,0,0,27146,0,27143,0,0
500000000,905,0,0,4.291038274765015,True,125000000,125000000,na,na,na,0,0,0,0,27146,0,27143,0,0
500000000,906,0,0,4.272198915481567,True,125000000,125000000,na,na,na,0,0,0,0,27146,0,27143,0,0
500000000,907,0,0,4.307500839233398,True,125000000,125000000,na,na,na,0,0,0,0,27146,0,27143,0,0
500000000,908,0,0,4.298149347305298,True,125000000,125000000,na,na,na,0,0,0,0,27146,0,27143,0,0
500000000,909,0,0,4.28462815284729,True,125000000,125000000,na,na,na,0,0,0,0,27146,0,27143,0,0
500000000,910,0,0,4.29487943649292,True,125000000,125000000,na,na,na,0,0,0,0,27146,0,27143,0,0
500000000,911,0,0,4.278123140335083,True,125000000,125000000,na,na,na,0,0,0,0,27146,0,27143,0,0
500000000,912,0,0,4.279989957809448,True,125000000,125000000,na,na,na,0,0,0,0,27146,0,27143,0,0
500000000,913,0,0,4.394849538803101,True,125000000,125000000,na,na,na,0,0,0,0,27146,0,27143,0,0
500000000,914,0,0,4.270177841186523,True,125000000,125000000,na,na,na,0,0,0,0,27146,0,27143,0,0
500000000,915,0,0,4.285464286804199,True,125000000,125000000,na,na,na,0,0,0,0,27146,0,27143,0,0
500000000,916,0,0,4.295673847198486,True,125000000,125000000,na,na,na,0,0,0,0,27146,0,27143,0,0
500000000,917,0,0,4.2971251010894775,True,125000000,125000000,na,na,na,0,0,0,0,27146,0,27143,0,0
500000000,918,0,0,4.296525955200195,True,125000000,125000000,na,na,na,0,0,0,0,27146,0,27143,0,0
500000000,919,0,0,4.29424524307251,True,125000000,125000000,na,na,na,0,0,0,0,27146,0,27143,0,0
500000000,920,0,0,4.300497531890869,True,125000000,125000000,na,na,na,0,0,0,0,27146,0,27143,0,0
500000000,921,0,0,4.288432359695435,True,125000000,125000000,na,na,na,0,0,0,0,27146,0,27143,0,0
500000000,922,0,0,4.304261922836304,True,125000000,125000000,na,na,na,0,0,0,0,27146,0,27143,0,0
500000000,923,0,0,4.285746335983276,True,125000000,125000000,na,na,na,0,0,0,0,27146,0,27143,0,0
500000000,924,0,0,4.303894519805908,True,125000000,125000000,na,na,na,0,0,0,0,27146,0,27143,0,0
500000000,925,0,0,4.277525901794434,True,125000000,125000000,na,na,na,0,0,0,0,27146,0,27143,0,0
500000000,926,0,0,4.309827089309692,True,125000000,125000000,na,na,na,0,0,0,0,27146,0,27143,0,0
500000000,927,0,0,4.312884330749512,True,125000000,125000000,na,na,na,0,0,0,0,27146,0,27143,0,0
500000000,928,0,0,4.290066480636597,True,125000000,125000000,na,na,na,0,0,0,0,27146,0,27143,0,0
500000000,929,0,0,4.284043073654175,True,125000000,125000000,na,na,na,0,0,0,0,27146,0,27143,0,0
500000000,930,0,0,4.2939839363098145,True,125000000,125000000,na,na,na,0,0,0,0,27146,0,27143,0,0
500000000,931,0,0,4.299247741699219,True,125000000,125000000,na,na,na,0,0,0,0,27146,0,27143,0,0
500000000,932,0,0,4.280983209609985,True,125000000,125000000,na,na,na,0,0,0,0,27146,0,27143,0,0
500000000,933,0,0,4.3052167892456055,True,125000000,125000000,na,na,na,0,0,0,0,27146,0,27143,0,0
500000000,934,0,0,4.29487681388855,True,125000000,125000000,na,na,na,0,0,0,0,27146,0,27143,0,0
500000000,935,0,0,4.330126762390137,True,125000000,125000000,na,na,na,0,0,0,0,27146,0,27143,0,0
500000000,936,0,0,4.289248943328857,True,125000000,125000000,na,na,na,0,0,0,0,27146,0,27143,0,0
500000000,937,0,0,4.289309024810791,True,125000000,125000000,na,na,na,0,0,0,0,27146,0,27143,0,0
500000000,938,0,0,4.28996467590332,True,125000000,125000000,na,na,na,0,0,0,0,27146,0,27143,0,0
500000000,939,0,0,4.28510046005249,True,125000000,125000000,na,na,na,0,0,0,0,27146,0,27143,0,0
500000000,940,0,0,4.291534662246704,True,125000000,125000000,na,na,na,0,0,0,0,27146,0,27143,0,0
500000000,941,0,0,4.296733140945435,True,125000000,125000000,na,na,na,0,0,0,0,27146,0,27143,0,0
500000000,942,0,0,4.280274868011475,True,125000000,125000000,na,na,na,0,0,0,0,27146,0,27143,0,0
500000000,943,0,0,4.324347257614136,True,125000000,125000000,na,na,na,0,0,0,0,27146,0,27143,0,0
500000000,944,0,0,4.286393880844116,True,125000000,125000000,na,na,na,0,0,0,0,27146,0,27143,0,0
500000000,945,0,0,4.28875994682312,True,125000000,125000000,na,na,na,0,0,0,0,27146,0,27143,0,0
500000000,946,0,0,4.295666217803955,True,125000000,125000000,na,na,na,0,0,0,0,27146,0,27143,0,0
500000000,947,0,0,4.30251669883728,True,125000000,125000000,na,na,na,0,0,0,0,27146,0,27143,0,0
500000000,948,0,0,4.271634817123413,True,125000000,125000000,na,na,na,0,0,0,0,27146,0,27143,0,0
500000000,949,0,0,4.297332048416138,True,125000000,125000000,na,na,na,0,0,0,0,27146,0,27143,0,0
500000000,950,0,0,4.29279351234436,True,125000000,125000000,na,na,na,0,0,0,0,27146,0,27143,0,0
500000000,951,0,0,4.284459352493286,True,125000000,125000000,na,na,na,0,0,0,0,27146,0,27143,0,0
500000000,952,0,0,4.293980121612549,True,125000000,125000000,na,na,na,0,0,0,0,27146,0,27143,0,0
500000000,953,0,0,4.551987409591675,True,125000000,125000000,na,na,na,0,0,0,0,27146,0,27143,0,0
500000000,954,0,0,4.495803356170654,True,125000000,125000000,na,na,na,0,0,0,0,27146,0,27143,0,0
500000000,955,0,0,4.278659105300903,True,125000000,125000000,na,na,na,0,0,0,0,27146,0,27143,0,0
500000000,956,0,0,4.295835733413696,True,125000000,125000000,na,na,na,0,0,0,0,27146,0,27143,0,0
500000000,957,0,0,4.305174112319946,True,125000000,125000000,na,na,na,0,0,0,0,27146,0,27143,0,0
500000000,958,0,0,4.28478741645813,True,125000000,125000000,na,na,na,0,0,0,0,27146,0,27143,0,0
500000000,959,0,0,7.365899324417114,True,125000000,125000000,na,na,na,0,0,0,0,27146,0,27143,0,0
500000000,960,0,0,4.302495002746582,True,125000000,125000000,na,na,na,0,0,0,0,27146,0,27143,0,0
500000000,961,0,0,4.297438859939575,True,125000000,125000000,na,na,na,0,0,0,0,27146,0,27143,0,0
500000000,962,0,0,4.294454097747803,True,125000000,125000000,na,na,na,0,0,0,0,27146,0,27143,0,0
500000000,963,0,0,4.301658630371094,True,125000000,125000000,na,na,na,0,0,0,0,27146,0,27143,0,0
500000000,964,0,0,4.303733825683594,True,125000000,125000000,na,na,na,0,0,0,0,27146,0,27143,0,0
500000000,965,0,0,4.292668342590332,True,125000000,125000000,na,na,na,0,0,0,0,27146,0,27143,0,0
500000000,966,0,0,4.294825553894043,True,125000000,125000000,na,na,na,0,0,0,0,27146,0,27143,0,0
500000000,967,0,0,4.301016092300415,True,125000000,125000000,na,na,na,0,0,0,0,27146,0,27143,0,0
500000000,968,0,0,4.443331241607666,True,125000000,125000000,na,na,na,0,0,0,0,27146,0,27143,0,0
500000000,969,0,0,4.279455661773682,True,125000000,125000000,na,na,na,0,0,0,0,27146,0,27143,0,0
500000000,970,0,0,4.303776025772095,True,125000000,125000000,na,na,na,0,0,0,0,27146,0,27143,0,0
500000000,971,0,0,4.296289443969727,True,125000000,125000000,na,na,na,0,0,0,0,27146,0,27143,0,0
500000000,972,0,0,4.272599458694458,True,125000000,125000000,na,na,na,0,0,0,0,27146,0,27143,0,0
500000000,973,0,0,4.286687850952148,True,125000000,125000000,na,na,na,0,0,0,0,27146,0,27143,0,0
500000000,974,0,0,4.28479528427124,True,125000000,125000000,na,na,na,0,0,0,0,27146,0,27143,0,0
500000000,975,0,0,4.280528783798218,True,125000000,125000000,na,na,na,0,0,0,0,27146,0,27143,0,0
500000000,976,0,0,4.3988425731658936,True,125000000,125000000,na,na,na,0,0,0,0,27146,0,27143,0,0
500000000,977,0,0,4.638972282409668,True,125000000,125000000,na,na,na,0,0,0,0,27146,0,27143,0,0
500000000,978,0,0,4.299245595932007,True,125000000,125000000,na,na,na,0,0,0,0,27146,0,27143,0,0
500000000,979,0,0,4.278017997741699,True,125000000,125000000,na,na,na,0,0,0,0,27146,0,27143,0,0
500000000,980,0,0,4.288599014282227,True,125000000,125000000,na,na,na,0,0,0,0,27146,0,27143,0,0
500000000,981,0,0,4.275252342224121,True,125000000,125000000,na,na,na,0,0,0,0,27146,0,27143,0,0
500000000,982,0,0,4.296207666397095,True,125000000,125000000,na,na,na,0,0,0,0,27146,0,27143,0,0
500000000,983,0,0,4.295538663864136,True,125000000,125000000,na,na,na,0,0,0,0,27146,0,27143,0,0
500000000,984,0,0,4.286904573440552,True,125000000,125000000,na,na,na,0,0,0,0,27146,0,27143,0,0
500000000,985,0,0,4.29802680015564,True,125000000,125000000,na,na,na,0,0,0,0,27146,0,27143,0,0
500000000,986,0,0,4.281336784362793,True,125000000,125000000,na,na,na,0,0,0,0,27146,0,27143,0,0
500000000,987,0,0,4.29416298866272,True,125000000,125000000,na,na,na,0,0,0,0,27146,0,27143,0,0
500000000,988,0,0,4.301114797592163,True,125000000,125000000,na,na,na,0,0,0,0,27146,0,27143,0,0
500000000,989,0,0,4.294996738433838,True,125000000,125000000,na,na,na,0,0,0,0,27146,0,27143,0,0
500000000,990,0,0,4.316615343093872,True,125000000,125000000,na,na,na,0,0,0,0,27146,0,27143,0,0
500000000,991,0,0,4.302312135696411,True,125000000,125000000,na,na,na,0,0,0,0,27146,0,27143,0,0
500000000,992,0,0,4.28501558303833,True,125000000,125000000,na,na,na,0,0,0,0,27146,0,27143,0,0
500000000,993,0,0,4.295363903045654,True,125000000,125000000,na,na,na,0,0,0,0,27146,0,27143,0,0
500000000,994,0,0,4.285300254821777,True,125000000,125000000,na,na,na,0,0,0,0,27146,0,27143,0,0
500000000,995,0,0,4.295276165008545,True,125000000,125000000,na,na,na,0,0,0,0,27146,0,27143,0,0
500000000,996,0,0,4.3038716316223145,True,125000000,125000000,na,na,na,0,0,0,0,27146,0,27143,0,0
500000000,997,0,0,4.289442300796509,True,125000000,125000000,na,na,na,0,0,0,0,27146,0,27143,0,0
500000000,998,0,0,4.284214735031128,True,125000000,125000000,na,na,na,0,0,0,0,27146,0,27143,0,0
500000000,999,0,0,4.310143232345581,True,125000000,125000000,na,na,na,0,0,0,0,27146,0,27143,0,0
